data_post,username
2025-05-13T16:14:46.000Z,claudecicampos2013
2025-03-18T18:58:18.000Z,muh_rzt.2010
2025-03-29T12:59:17.000Z,eliasrodrigues.rodrigues.184
2025-03-27T15:53:04.000Z,marcelina.milhomem_
2025-04-25T13:55:02.000Z,_isaque.souzaah
2025-05-16T13:19:14.000Z,carlin.https
2025-04-10T15:41:21.000Z,fredson_leal
2025-06-06T14:14:31.000Z,margarida.a.barros
2025-06-18T13:49:34.000Z,eliasrodrigues.rodrigues.184
2025-04-28T15:56:53.000Z,_.rhillary._
2025-04-02T15:03:20.000Z,fredson_leal
2025-03-14T12:26:48.000Z,_almagno_
2025-06-18T12:11:09.000Z,lannygomes285
2025-06-05T12:20:19.000Z,cacianao
2025-03-29T12:48:10.000Z,eliasrodrigues.rodrigues.184
2025-06-11T11:34:30.000Z,carlosferreira.25.03.61
2025-06-16T14:44:32.000Z,margarida.a.barros
2025-05-09T15:38:42.000Z,carlin.https
2025-05-06T13:56:24.000Z,nati_aparecida_
2025-03-19T13:01:37.000Z,muh_rzt.2010
2025-04-07T15:01:38.000Z,josefa_araujo60
2025-04-29T15:28:29.000Z,claudecicampos2013
2025-03-13T13:23:13.000Z,ilanapiresrosa
2025-06-13T14:07:17.000Z,margarida.a.barros
2025-03-18T18:34:45.000Z,klessia_feitosa
2025-02-28T12:19:01.000Z,antonioaugusto.machado.5
2025-05-22T11:50:35.000Z,fredson_leal
2025-06-16T15:38:49.000Z,souzarayanedepontes
2025-05-30T15:02:05.000Z,natalie_christian_alvores_krez
2025-05-28T12:11:50.000Z,tal_do_lu_is
2025-03-17T11:29:00.000Z,carlosferreira.25.03.61
2025-04-25T12:10:54.000Z,eliasrodrigues.rodrigues.184
2025-05-05T12:47:44.000Z,eulucascaique063
2025-04-11T11:57:52.000Z,souzarayanedepontes
2025-05-15T15:44:04.000Z,carlin.https
2025-03-12T14:22:57.000Z,samuel_alvessilva
2025-05-13T10:49:06.000Z,carlin.https
2025-03-03T11:38:08.000Z,andremaia.vasco
2025-06-06T16:29:39.000Z,carlin.https
2025-05-22T12:42:53.000Z,antonioaugusto.machado.5
2025-04-13T15:38:04.000Z,wandaaraujosantana
2025-06-06T19:50:06.000Z,sofiasoaresduarte
2025-06-05T13:00:58.000Z,natysousaaa_
2025-04-25T12:44:52.000Z,karolainy_boaz
2025-04-19T11:19:44.000Z,wandaaraujosantana
2025-02-26T15:57:27.000Z,igorphilip
2025-03-13T15:06:18.000Z,gizellymiranda
2025-06-02T12:20:16.000Z,carlin.https
2025-05-18T15:16:41.000Z,leylips
2025-03-30T13:11:39.000Z,silvanete.pinheiro.5
2025-03-07T12:25:22.000Z,leiasilvia17
2025-03-21T17:43:25.000Z,celizania.alves
2025-03-07T15:10:56.000Z,ecovitaevolucaoambiental
2025-06-12T16:09:51.000Z,natysousaaa_
2025-03-11T11:03:33.000Z,path.nascimento
2025-04-18T16:46:34.000Z,claudecicampos2013
2025-06-06T11:08:14.000Z,gizellymiranda
2025-06-17T15:19:28.000Z,jessicavieira63_
2025-02-28T14:12:43.000Z,eliasrodrigues.rodrigues.184
2025-02-28T13:34:18.000Z,paulovictorgs
2025-03-16T00:46:36.000Z,josefa_araujo60
2025-05-30T16:30:22.000Z,geiltonjr
2025-03-15T12:56:28.000Z,ibis.esporte.clube_pso
2025-05-29T14:21:51.000Z,mahzx_.063
2025-03-01T11:10:53.000Z,antonioaugusto.machado.5
2025-06-02T13:54:05.000Z,paraisonograleoficial
2025-03-21T17:40:04.000Z,kikintura
2025-03-24T11:43:35.000Z,carlin.https
2025-03-10T13:13:29.000Z,tal_do_lu_is
2025-03-25T11:12:12.000Z,josefa_araujo60
2025-05-06T13:52:03.000Z,gizellymiranda
2025-03-12T15:51:16.000Z,gizellymiranda
2025-04-18T12:12:33.000Z,carlin.https
2025-04-19T22:32:33.000Z,aangellasousa
2025-05-13T21:58:33.000Z,gabriel_.fe
2025-06-17T12:16:36.000Z,nayaragilvanbrazil
2025-05-30T12:27:07.000Z,vitoria_gontijof
2025-03-27T15:00:32.000Z,doguinha_c._07
2025-03-28T14:12:59.000Z,pnspsocorropso
2025-03-28T14:12:59.000Z,paroquiasaojoseoperario.pso
2025-04-15T11:37:13.000Z,hiagoosantos_vet
2025-05-06T21:00:45.000Z,ketlleyjordana
2025-03-26T16:52:52.000Z,alexvaz_pc
2025-04-10T13:09:09.000Z,fredson_leal
2025-03-28T11:38:02.000Z,kikintura
2025-03-30T13:22:25.000Z,eliasrodrigues.rodrigues.184
2025-03-26T12:38:23.000Z,carlin.https
2025-03-13T16:00:17.000Z,cacianao
2025-04-28T16:13:17.000Z,carlin.https
2025-04-26T20:28:58.000Z,carlin.https
2025-03-17T15:53:00.000Z,carlin.https
2025-06-11T11:51:35.000Z,carlin.https
2025-04-04T10:51:05.000Z,_andreacferreira
2025-06-17T15:43:49.000Z,nati_aparecida_
2025-06-13T16:11:04.000Z,claudecicampos2013
2025-04-25T23:54:27.000Z,carlin.https
2025-03-19T11:45:24.000Z,gizellymiranda
2025-03-15T20:45:58.000Z,cf.dasamira_
2025-05-16T14:28:56.000Z,carlin.https
2025-04-25T20:26:18.000Z,wirginiaeqs
2025-04-18T13:53:49.000Z,jessicavieira63_
2025-03-30T13:26:13.000Z,kauarodrigues164
2025-03-18T12:11:00.000Z,junior_braga_2020
2025-04-16T17:16:21.000Z,claudecicampos2013
2025-04-11T16:57:15.000Z,josefa_araujo60
2025-04-08T18:39:04.000Z,pnspsocorropso
2025-04-08T18:39:04.000Z,paroquiasaojoseoperario.pso
2025-05-21T15:49:01.000Z,artesanatosustentavel.lajeado
2025-04-04T11:45:25.000Z,steffabandeira
2025-04-02T12:57:43.000Z,fernando_10silva
2025-05-10T13:51:14.000Z,claudecicampos2013
2025-06-02T12:35:17.000Z,jessicavieira63_
2025-05-08T14:20:52.000Z,gustavorodrigues_63
2025-03-18T11:55:07.000Z,fredson_leal
2025-03-21T15:44:27.000Z,divinorafaell7
2025-06-16T17:24:42.000Z,faptopalmas
2025-06-16T17:24:42.000Z,uftoficial
2025-06-16T17:24:42.000Z,cidades.iac
2025-04-11T12:53:58.000Z,lunna__aires
2025-04-22T18:00:18.000Z,dorafonseca45
2025-06-17T12:42:46.000Z,le_messiasc
2025-03-15T20:33:18.000Z,josefa_araujo60
2025-05-08T12:05:14.000Z,dayanaguimaraes3
2025-05-15T17:55:14.000Z,claudecicampos2013
2025-05-13T16:40:02.000Z,katiuciaoliveirakolp
2025-04-28T13:30:57.000Z,eliasrodrigues.rodrigues.184
