username,nome_completo
prefeituradeparaiso,prefeituradeparaiso
laryssabarbosalima75,
annacunha267,
egl.kkj,
pamelaafaro_,
sofy.wx_,
josielecampus,
_rhannabeatriz_,
miguelfp178,
raiane_soares2012,raiane_soares2012
pamy_soares00,pamy_soares00
uai_thata_mirelly,
renato_dias_10,
veronica_samila01,
daniel._lorenco_11,
lrss7x,
_batman_063_,
rafisa_lourenco19,rafisa_lourenco19
ana_julia0juju,
alessandrobritomano,
belemvaldezoliveira,
kelly_023__,kelly_023__
vitoria_b_silva_g,
andreiapereirado7,
silvaxs_vih,silvaxs_vih
deividtavareslopes,
poli_coelho_16,
santos.xhs_,
mariah_csf_,
edinaraalvesdossantos___,edinaraalvesdossantos___
yjk_.vitoriaa,
daviperegrine,
estefanywilkealcantara,
elly__gabriel,
bibi.arj9,bibi.arj9
mario_bf04,
vitinnx15,
ritarms,
islaelsonlopes,
mt_isax,
ketelyn_cstrx_,
kellyvasconcelos23,
_mayra__vieira_,
rut_alvs19,rut_alvs19
laura__belem,
emanuely__santos._,
laura_vitoria_bc,
1anna_kelly,1anna_kelly
dany_sousahw,
mariiaa.bx,
jake_dsousa,
eoo_guablerto,
pvdsx_vih,
manel___ofc,
smauriciosilvateixeira,smauriciosilvateixeira
paulynha2610,
1ju_liana5,
luizmartinss5,
laurafmss,
5720_emanuel,
divinamonteirosouza,
amandadonascimento2.4,
anna9725beatriz,
__eduardo15,
adryel_silva_063,
kauanreis_19,
mariaribeiro1706,mariaribeiro1706
wandersonrafaellopes,
leohz_7,leohz_7
sebastiana_alvess02,
2021lucimaragomes,2021lucimaragomes
emanuellesofia4,
ray_melo475,
wanderson_de_souza_011,wanderson_de_souza_011
wilson_monte_negro13180,
erica_sousa_wallke,
vitorjuliano0,
barattoalda,
kananda_cabral,
editebezerradoss,
k.morais09,
jhenyy_bulhoes,jhenyy_bulhoes
caarllasilvaa_,
amandabeatrizdasilvade,
veradias671,
andr.eiamaciel389,
ahtaldacristielly,
secr_etariadamulher,
souza_alenca_007,
adlux_cosmeticos90,
anna_luizaax16,
__brun_inhasales,__brun_inhasales
natanael_23___,
profdanielneves,
marcos_bonfim__,marcos_bonfim__
joana.rezende7794,
_clivya_morais_15,
bleno_ofc01,bleno_ofc01
lyadourado,
leidianenunes.m,leidianenunes.m
joaopaulo_552,joaopaulo_552
alvesvalentinalopes,
vanderleia7541,
amoreninhadabaixada,
cesarx_063,
geidaf,
kenia.oliveira.eslteacher,
bulhoes_rcl,
karleanerodriguesda,
dieljardy,
063_lenielton3,063_lenielton3
_isabelly.cabral,_isabelly.cabral
geniffe_kariny,geniffe_kariny
waldisneydasilvamarinho,
_.tagilaa,
giselecabreradepaula,
mnuelyzx._,
vilma.1029,
anuciacaojessica,
mduh_rzt,mduh_rzt
jasmim_091,
_marcosmartinsz,
simonefran7,
fabriciio_thais_5,
bethania_9,bethania_9
helenociriaco,
derllantv,
murilo_dgrau_063,murilo_dgrau_063
jessicamarquesdosantos,jessicamarquesdosantos
smlzz_7,smlzz_7
leia_oficial73,
rafaela_de_jesus13579,
paby_silva,
hrservicosmedicos,
marilenesilva946648,
vaniabezerra965,
milena.silva868,
autososaraguaia,autososaraguaia
ray_do.grau.69_,
henriquee_nicolas25,
nizan.freitas,
pedrix_br_71,
marcos.vaniel,
sasah_mih05,
amelialisboada,
privd.araujoxw,
vilmardias1901,
marya_clara.18,marya_clara.18
ligiakarolliny,
souza_rzt__,souza_rzt__
thzinzz_11,
_rodriigo_063,
higor.hg10,
rhannabeatrizwx_,
brunasousa4702,brunasousa4702
geovana_medrado7,
castroo3086,castroo3086
solzasuyane,
maysaaraujocosta,
neuzilenemirandade,
fer.sntossx,
duda_mrtins,
kaio_lopes_3338,
s.a_pablo_,
zy_souza007,
pollyy808,pollyy808
melquiadesbia21,melquiadesbia21
allicens_,
caiocirqueira.nasc,
ludyy.lopes,
priv_da_viih_,
giovanipmw,giovanipmw
lucas_macedo58,
lucas_mota_27,
dayanedossantoscarneiro,
plarissa.torres,
ellenborges_25,
watila_rafaela441,
mariaeeb__,
auricelia_silva18,
collymartinsf,
belemaurio_santos,
sillvya_lima,
emillysilvaraujo,
rstsoarestorres,rstsoarestorres
marilia.crds,
wandersonsilva4920,wandersonsilva4920
marcus_lopes063,marcus_lopes063
jadsonsillva063,
poxajamilly,poxajamilly
alvesidaiani,
adriani_silva._,
elizandrah22,
lucieneferreira268,
patricia_pereira24,
carllosdanielx0,
carlim0613,
priscilabrito109,
mary_laiscampos,
barber_5icard0,
ueudes.alves,
silvia_parpineli,
giseledefranca_oficial,
janaina_8090,
miningsantamonica,miningsantamonica
vitorr_araujj,
vaniassegurado,
duda_borges_18,
laysa.2230,laysa.2230
romilson3171,romilson3171
fleuryaraujo,
anna_silva_063_,
edivandooficial20,
natanael_alves063,natanael_alves063
anawflavia_,anawflavia_
denise.narjara,
dorilays2,
milla_bragax14,
r_souz4_063,r_souz4_063
luiz_henr1que10,
ivoneziaferreira,
yone3423,
gessalves23,gessalves23
artur_rod63,
caduguedes1,
kamillaferreirahh,
leirsonsousa,
joao_nunes_011,joao_nunes_011
h_augusto7,
telmafurtadotelmatel,
ruanmoreiradesouza8,ruanmoreiradesouza8
kaiofonseca56,kaiofonseca56
kariely._.kristine_,
yohmattos01,
_fred_borges02,
heloisiolimaluz,heloisiolimaluz
batistacaroline1902,
leo_santo4,leo_santo4
eligeisi_belem,
___euduarte_,
andreisguedes,
gledsonliracosta,
lucxsgms.12,
esivanesoares,
cleidecarneiroalves,
luzia.monteiroavelino,
day_souza063,day_souza063
raquelrodrigues116,
usuariodo_instagraann,usuariodo_instagraann
guilhermesouzadias2133,guilhermesouzadias2133
tuitsbar1,tuitsbar1
biancamartis,
vinicio2890,vinicio2890
eduardacavalcante_21,eduardacavalcante_21
maria4898lucia,
luhmeendes,
gleverson_araujo,gleverson_araujo
__artes.empapel__,
gomsx._zw,
maisakely_,
eu_pollycris,
helena_s.neto,
prosolo_divinopolis,
agiliza_assessoria_informatica,agiliza_assessoria_informatica
jalapaocooperg7,jalapaocooperg7
nubiaocruz,nubiaocruz
62_ana_silva,
nay_dias07,
aeniamaria,
monique.rodrigu3s,
elainesantos49234,
jonas_agro1,
maiara_souza23,
ni.farias._,
jhenifermelissa,
abnerporto2024,abnerporto2024
guimiguids.23,guimiguids.23
janiodealmeida915,
camposmiguel_01,
carlosjance,
leonardosilva2792,
rhadassa_keliany,
alicinhabarbosarodrigues,
di.ogo_cavalcante,
karolsilva0932,
bruna_souzafagundes,
henrique_agro_63,
menozinho064,
ana_lia12306,
maria_genilsvania,
lucas_ribeiro63,lucas_ribeiro63
icaro_guerra21,
keven_luan.08,
gusttavo_txc_063,gusttavo_txc_063
allany_cavalcante_0517,
sousaa.vitoria,
barbosalaudia,
andreii.s8,
ciriaco.ciriaco.25,
s.nasc_0,
lucimere.lopes,
guilherme_sp0,
j.netto11,
nathy__nunes_15,
edilene.britoo,edilene.britoo
agro_rian_,
lays__matieli,lays__matieli
adriana.feitosa.3998,
alexsandroferreiradacruz215,
laisinha9910,
joao_batista_carvalho25,
willie.almeida.gomes,
isabela_ssilva7,
vivih.alencar,vivih.alencar
vinicius_campos93,
_adriano_.11,_adriano_.11
larasousa674,
silvaniaazevedo29,
lorrany.73souza,
ivone_almeida025,ivone_almeida025
douglasmedeiros55,
ta.inara9714,
layla_tamella2002,
ca18rla,
esmarlonesjr,
ruanrodrigue3,
walter.souza.__,
rtgtjaber,
suiane1530,
kennethwagamenon,
virginia.m.prado,
davidsvd_063,
railtonm690,
maycon_s.oliveira,
anafernandes98070,
jlianex_,
nicolemerciaa,
danielvip9p,
anderson.kronbauer.58,
aparecidafernandes88,
yagozin.im,yagozin.im
wedersongomesaguiar,
prof.diangelo_brummel,prof.diangelo_brummel
lzin_.46,lzin_.46
elisangelanutri24,
thamyres2205,
amandacampos1__,
lucas126souza,
gb_mattos006,
geovanna.lyssa.31,
niilde_silva12,
cris_rodriigues3,
iasmincerqueira2005,
geonegre,
elenir.vida,
fernnandaa_rocha,fernnandaa_rocha
johnatanfarias,
querubinabarreira,
raimundo_filho011,
niel_freitas63,
_leticiasillvaa,
wendersilva82,
jose_arimateia_k2,
sheyllavalentina16,
aparecida_nunes___,
adria_no4679,
julia.silvacosta,
eh_o_luiz_ne_vidah,
cidah.santos.568,
ardilles25,
galvaonetogalvao,
gabriel.guizzo,
jr_investimentos_consultoria,
reginaldoabrildasilva_,
paulo_herinque_19,paulo_herinque_19
saltinsgaseagua,
victorspv1,victorspv1
vitoriadavik,
geovaniarodriguesda.silva,
deniseoliveroliver,
luzialustozapereira,
pedalciclopso,pedalciclopso
simasstela,
kedna22araujo,
petiscaria49,petiscaria49
geltojr._vieira,
rafael_l063,rafael_l063
luisgamado,
__do_agro_043,__do_agro_043
juuh_macieel_,juuh_macieel_
welidacarvalhobelem,
suelsouzah,suelsouzah
vanecy.lima,
alanbrito1795,alanbrito1795
joicilanepinheiro,
rafaeloliveiraferreira4,rafaeloliveiraferreira4
larah___silvaa,
pvd_santos02024,
vivyanne_britto,
reginayaraa,
thaydja_,thaydja_
doisirmaosesporteclube,doisirmaosesporteclube
gabriellla.z5,
jull1a.x,
mota_eduardorodrigues,
lorrayne_ng_ofc,
camposnatalinacampos,
kauan_brito_19k,kauan_brito_19k
izaac185,
viniciuspereira458,
adryanosantos.99,
marcellovei,
ilmarasousa10,ilmarasousa10
063_camilaa_,063_camilaa_
janaria_bs29,
elivanenunesdacosta,elivanenunesdacosta
francielly4345,
_biel.fg,
joseorlando.morais.79,
karencristina_depaulasouza,
jessiele_costa30,
evilly_wanderley,
beatriz._.fariass,beatriz._.fariass
leydsonvitiello_02,
marquexuellebarbara,
rlidianegomes,
cleidedias9566,cleidedias9566
adelainejesus_,
karlos_henrique.063,
mariaabreu.oficial,
diogof.oficial,
mahyure,
annycristina_reis,
gleycy_121,
sonia__oliveira26,
mariasouza1355,
alemao_do_agro063,
jessidj123,
ivaildescabral,
08agsantos,
osilvaniapereirade,
viei.ramariafrancisca,
wilgleison___rzt__2009_,wilgleison___rzt__2009_
marivaldaborgesdasilva,
elizangelaribeirosimoes,
alexbrito2311,
arthur_33____,
jucycarvalhofeitoza,
nyestronn_pietro_,
maiara_cc_,
mariadasmerces0309,
cbcabral96,
papa_romeo_pmw,
nascimento_taiza.dp,
bombeirosparaisoto,bombeirosparaisoto
anacristinadossantos338,
salesmacielpereira,salesmacielpereira
lopessilvakelly,
dheniferni,
wx.angela_,
eu.wellingtonsantos,
marculinabolwerk,marculinabolwerk
maria_dos_santos_1220,
celhao_230577,
silvacarlosaugustoabreuda,
cleytonzoccante,
lenne_miranda18,
adriel_reis.063,
ronivaldogonzagapacheco,
anna.mendes33,
mp.063,mp.063
francelina_20_s.o,
artesanatoseartes6,artesanatoseartes6
walberbjr,
vinii063,
elias_brito_063,
_maristelly,_maristelly
adrielleisadora,adrielleisadora
edivania_belem,
luanas.arruda,
sarinha_29,
sonia__wanderley,
kaio_souzza25,kaio_souzza25
micaelycarvalho14_15_,
marlianyduarte,marlianyduarte
rosana.araujo.3511041,
clecle7040,clecle7040
sabrinarodriguesilva123,
llaizagualberto,
biancabia23,
samuel_s_66,
cleitontaveirasantos,
helloisa_da_comceicao_bezerra,
menina_flor.16149,
camilasilvestre_,
antonio_divino,
rodrigocelestinorodrigues,
paula729nascimento,
_evacristina15_,
elvesmelo1,
marcosfonsecads,marcosfonsecads
marceloborges.20,
elyza_luzz,
guri_da_montagem,guri_da_montagem
mariaeduardape91,
leliosilva10,
tatianny.guimaraes,tatianny.guimaraes
barzindiniz__021,
victorsoares.00,
leaol29,
kauane_melo_da_silva,
karlleyde_queiroz,
katielly_santos33,katielly_santos33
hleal7595,
jakerosasilva,jakerosasilva
iza_martins80,
paulinhaa_gomess_,
lucasmoral546,
ate_os_8_oficial,
luissantos2511gmail.com3,
leooescolhido,
_marcosmion29_11,
maracana.25,
samuel__arauj03,
lucilene_silvah_0820,
anabeaatrizrn_,
joycedeus1523,
_muriel_bertacco_,
biaacastilhooo,
farias_talia,
bea.lust.769,
rafaeladasilva1135,
sergiobatistameira,
rakel_vidal,rakel_vidal
marizabenicio,
michelly_f_a,
japinhax_sp,
evonetepaixao,
ingrid_macedo_12,
duarteestudio,
mariaclarasousarezende471,
suesiokaio,
_leticiabliss_,
lilipereira204,
cleiyannegomes,
lucylima006,
watila_rayane,
netto231311,
karolayne1costa,
dionasmar._silva,
daniel_santossch,
guilherme.56,guilherme.56
mariaantonia.ribeirodapenha,
vanderluciasilva8,
deyvidmartinho,
gerleyneresda,
vitoria_silva_ol,
alaninha_0008,
dasilvasousakalliny,
lazaro__2010,
ildislenesantana,
lazarar380,lazarar380
raul_bs7,raul_bs7
su_elane_,su_elane_
vanderlucia2229,
barbara_kilpp,
dede_belem,
lucas.raphaelr,
raylene_alves29,
ulissesedgar.adv,
ellen_wanderley_,
deborajustinianodeoliveira,
parazin_62,
vanessa_sousa_studio,
daniela_rodrisouza,
anavfrancoo,anavfrancoo
lucienemilene,
nicolesi302,
nagilla_regina,
noletoestelavanessa,noletoestelavanessa
sarafalcaos,
amanda_adorno_rosa,
vanessa.s.ambrosio,vanessa.s.ambrosio
barbaratatianedias,
camylasuellen,camylasuellen
joaopaulocsi,joaopaulocsi
lukinhas_063_araujo,
agnabarros1,agnabarros1
globomateriaisde,
eldison.cunha,eldison.cunha
lucianaefa,
jaba_rosa,jaba_rosa
monteiromarin83,
wallyson_ferreir12,
analopess_._,analopess_._
brit.o8060,
_annalibia,
joscianesousa,
edilsonekl_10,edilsonekl_10
agro.lnlj,
_maria.mesquita,
vilmapintodasilva,
empreendedorcaseara,
dwuraia.marinho,dwuraia.marinho
dany_silvareis,dany_silvareis
artilanojose,
brendanascimento623,
nadinedornellas,nadinedornellas
aroucalivia,
janua_ario,
gabr_iella3509,
douglas_15silva,
cacilda.ribeiro.315,
helitarenatasilva,
ananda.d.oliveira,ananda.d.oliveira
paulohgsilva,paulohgsilva
deusirenebs,
erica.gomes.gds,erica.gomes.gds
soaresdesouzathalita,soaresdesouzathalita
raquel_rodrigues_silv,
juhliana_rosa,
dooug_santoss_,
lorennascantyburg,lorennascantyburg
anagoulartny,
ednilsonfreddossantos,
magalhaes818,
vandogoncalvesde,
raniellessousa,
raiklene__costa,raiklene__costa
victoria__edson_123_,victoria__edson_123_
luckas.liima.79,
anakcoe,
douglas_ddsg,
fernandadasilva0,
lorena_barbosa00,
erciliagomesbarbosa,
franciele___zillmer,franciele___zillmer
geovanna_sobrinho11,
anacarollinas_,
mayara.matias.3975,mayara.matias.3975
reginabringell,
tamy_ribeiro55,
andressa_silva_olive,andressa_silva_olive
julienne3877,
surtadaaaaa01,
max_bonfim_,
gabitabordaa,
cida.martins.167189,
regianearaujo.10,regianearaujo.10
klesiaalencar,
rayhnne07,
deric_taylon,deric_taylon
jandy_matos2,
camilammelo_,
nikoly_rocha,
lucienedesousa_037,
jose.agro.25,
edufigueiredocd,
cindielle_,
mariadefatimanasc.brito,
andreaasillva_,
kelripff,
adilabnunes,
lucileneleitede,
gustavomsenhorinho,
fs_manutencaoagricola_,
thamaraferreira364,
emillycristin3,
euricardofernandes,
rafaelrabelima,
enoqueribeiro14,
rosangela_pereirasilva,
endrew__silv,
santoskarolina24_,
airesdasilva_,airesdasilva_
mariaclaradiasde.almeida,
paulalorhanny,
gilbertomoraes_to,gilbertomoraes_to
tataguimaraes01,tataguimaraes01
ferreirasilva711,
polianaso_za,polianaso_za
adriana_sodre_12,
moon_oliverr,
_denilson_silva12,
marcelodostecladofc,marcelodostecladofc
maikon_dhyonatan_cantor,maikon_dhyonatan_cantor
gleidsonguerra,
silva_mvictor,
leane__alcantara,
eleny_caetano,eleny_caetano
fernandaoerlecke,
lilianelchagas,
juliana_areco,
dozellay,
renilson5169,
semed.araguacema,semed.araguacema
fernanda_costa728,
bambinosouza,bambinosouza
suelma_fernandes_cunha,
maykelly_r.f,maykelly_r.f
igormartins1893,
lacerdavitoriadecarvalho,lacerdavitoriadecarvalho
renatakellyalmeida12,
josefranciscop.dasilva,
vitor_doido_063,vitor_doido_063
filipe_gualberto15,
carmela_rodrigues_063,
milla_ramoslima,milla_ramoslima
wilckercosta,
luciaanamartin,luciaanamartin
mirtesalvess,
noahkaraja04,
carlos_henrique_1504,carlos_henrique_1504
maiane_eduarda2020,
aldericerodrigues10,
fernandaborges5820,
prof_cleudes,prof_cleudes
leoo_nunness,leoo_nunness
tecedelsonoliveira,
yarasantossouza79,
luma_bertacco,
phael_063,
ledaoliveira22,ledaoliveira22
hellenfrugeri_kepke,
padariasabordemel123,
jefersonakonpm,
josielrodriguies4,
alexmartinstecagro,alexmartinstecagro
62.097842,
vale.ria6923,
josesousa731,
lucasmarques82142,lucasmarques82142
celia_santosn,
_silvasxw77,_silvasxw77
privs_silva_45,privs_silva_45
dannyzinha_danny63,
samila5052,samila5052
vandasantosda.s,
romariopereirarbp,
franciscomouragrilo,
noelmaduartepires,
annabiagfg,annabiagfg
vanuziaribeiro3,vanuziaribeiro3
daianebarbosa448,daianebarbosa448
heloisamariadomethildes,
mitchaelly_alves,
__gabrielabarros___,__gabrielabarros___
karol_inelima25,
cibeli_xxz,
rosilene_lourenco11,
guilhermedonascimentodias,
gabysoaresa2,gabysoaresa2
darinha564,
mirinhasouzalima,
marlenesantanasaborcaseiro,marlenesantanasaborcaseiro
souzawenniela,
depniltonfranco,depniltonfranco
zenaidebarbosa_,
felipe_mesquita10,
maylima28,
ingrydhariellrocha,
patricia2391silva,
icaro_silva63,
alinebessah,
almerinda_ferreira9,
anacarolinesouza234,
thayllakalline,
geo_mello3,
ivonee_silvabatista,ivonee_silvabatista
rodrigues._._07,
aolibamacastrosantos,
denilsondearaujocosta,
cleosousa8608,cleosousa8608
guilherme_marcones,
geovana_santos_358,geovana_santos_358
gislaine_rodrigues_carneiro,
juliene_dbx,
zmbaudiosystem,
julianaweissnutri,
klebin_dz7.244,
epcarvalho7,
welliton_designergrafico,
ronybarreiroalbuquerque95,
licianequirino,
raniellylemes_,
weslangomesde,weslangomesde
karen__faro,
raryelly_milhomem,
marlyoliveira774,
leticiagomes7091,
joaopaulo_silvaa11,
saymonfe_,
karisontharley,
kakaalmeida73,
eliana_constelar.sc,eliana_constelar.sc
renatacaponi29,
crisstrang,
trajanodealmeidaa,trajanodealmeidaa
boca_churras,
elisabethgualberto,
gabriellfers,
anna_claara_souza,
renatacalixtowilke,renatacalixtowilke
glauber_sandes,
karielen.sharom071,
jard.el1528,
acisccaseara,acisccaseara
derick_debora,
couttinhojakson,couttinhojakson
ferna_ndabsodre,
franciele.santiago.89,
izamara.morais,
julliederson,
maria_das_dores063,
tatielesantosr,tatielesantosr
keilarejanedasilvacosta,
emanuelsilvasilva6764,
ferreirasantoseliane2gmail.co,
luciana_sirqueira123,
casa_de_show_trevodapraia,
laisreginafrutuoso,
netynho_alcantara,netynho_alcantara
savio_parriao,
kleycesoares,
viniciusborgessouza,
denizardrivailde,
eduardosimas95,eduardosimas95
maria173011,
bragabenilde,
taty.9710,
eduardarocha36,eduardarocha36
jacson.montalvao,
millena_martins_natan,
amandacamila.200,
reichertlenize,
sousamilenaoliveira,sousamilenaoliveira
secturdivinopolis,
mah_todo_dia,
kenyacristinah86,
kenia_patricia,
nanda_silva.090,
neidebastos26,
silvaweslis2023,
girlene_dssilva,girlene_dssilva
alfagrupalfagrup,
grazy_santana_aguiar,
pousadailhacaseara,
gabidiaspersonal,gabidiaspersonal
brendarafaelecs,
julia_17_freire,julia_17_freire
ranchopordosolaraguaia,ranchopordosolaraguaia
rosy_carvallho_,rosy_carvallho_
reinaldomesquita,
vivianesoareslopesda,
alcivieiragarcia,
odair_ribeiro023,
michaelllemos,
teixeiramateussilva,
matoscarolliny,
rafa_ellams,
alessandropereira12314151,
vanimbala979,vanimbala979
pedro_h_bessa,
pachecojoab13,
lannakecia2021,
el_aine1600,
aenihellenmillenafb,
kalinesouza19,
maia_renatadossantos,
renattynha4347,
weliolimaaraujo,
crislanemelomodesto,
wesivanfranca,
kaylany.souza.vieira,
souzawildsonsantosde,
prefeitura_dedoisirmaos,prefeitura_dedoisirmaos
gibrim.junior,
wagnerfranca47,
rita_de_sousa,
thielcanaa,
dprayane,
ged8342,
alcina_gt15,
jpmartins_25,
leonardo.agroaptec,
clarice.araujo.98229241,
17_larissaa___meneses00,
jose.neto_souza,
raulfernands,
julianojoel_costa,julianojoel_costa
soareslevero,
luzinetediasfigueira,
loury1303,
jakeline_g_macedo,
danielleteixeiradecastro,
joiciannysilva,
machadohmaria,
cassio_henriquefe,
gustavo.dr77,
lice.bg,
clebsonmartinssouzaaaa,
nara_nascolv,
vitor_g_campos,
edisleyaraujo,
joelmasilva19952016,joelmasilva19952016
rsoaresjhonatan,
carlos_henrique_sodre,
mayara_ade,
sec.esportecaseara,
deylla__silva,
vitoriiaosr,
euamotocantinsoficial,
manthurazaraa,
vagnevieira077,vagnevieira077
everlandiolima,everlandiolima
cris_sousa233,
lays_dias009,
fabianyccs,
lanasfitnessacademia,lanasfitnessacademia
brunocesar_martins,
pby1578,
guilherme_grupo_agro_11,guilherme_grupo_agro_11
williannoleto374,
icarofonseca30,
samiraalmeida52,samiraalmeida52
jose_012f,
matewws_rodrigues,
feitosapublicidade,feitosapublicidade
dyullyalves,
erika_silva063,
leoptsilva,
fagner_ronilso,
dyllah_costa,
janahrosa_silva,janahrosa_silva
brunarborges5,
bambam_ir,
kamy__ferreira,kamy__ferreira
regiane_soaressss,
keylla._araujox,
deborah.sousa.35912,deborah.sousa.35912
deusvaldoalvesdasilva,
mariaeduardaalves0915,
thiago_vieira_01,
hidpires,hidpires
cleirianenettoo,cleirianenettoo
kallenarl,
ana_lucia16santos,ana_lucia16santos
brunalangee_,
soniamariad333,
edilene_miranda31,
angelamerkatus,angelamerkatus
christian_ak9,
cidarodriguesm63,
jeffersompogba,jeffersompogba
mremus78,
pablo__tagliati,
silvanialgs,
j._furquim,
gabrielmoraes1703,gabrielmoraes1703
laiany_silvva_,
maisa22255,
aline.barbosa.1993,aline.barbosa.1993
rozimere.lopes,
jhonysbif,
ln.20.23,
piagemalmeida,
goncalveslima.pereiralima,
leiagomes758,
venuzamelosilva,
maiely_eduardo_amilton,maiely_eduardo_amilton
lacasadocrepebahia,lacasadocrepebahia
luanna_jales_,
wenner_soares_,
gustavo_.lira,
liisa__braga,
lucasrohsmann,
michellebraga11,
sbernadogomesda,
caroline_cabralrd,
kellyalves7056,
leila.almeida.3551,
sirlenykse,
_la.063_,
clevio.silva10,
maisa_rego,
nelyobonfimcarvalhodon,
gabyh_silva063,
tocantinsecotrip,tocantinsecotrip
reporterruanmoraes,reporterruanmoraes
anaceliadamascenacruz,
danilofds1,danilofds1
rugg_lopes,
kayczin46,
matheus.car01,matheus.car01
neguin_piiloto,
thiagoandradedecarvalho,
narasantos993,
elessandroluz2,
wendelrodriguescocates,
nay_rodrigueso,
leeticiamartinns,
_cecilia_amaro,
erikageo_,
maxdoposto,
geo_marinho15,
suenyribeirorego,
uatiladasilva,
rafaela.silva_oliveira,
julietirosa,
vherenna,
pablomartins555,
marcia.miluca,
leylamodasfashion,
marivonesousasilva,
valdenismarcio,
savyokauan,
sodre_m.v,
cmeisossegodamamaenr,cmeisossegodamamaenr
avelinodonascimentodias,avelinodonascimentodias
miriamaciquele,
rogerinh846,rogerinh846
jalapaonoticias.com.br,
lucianarodriguespereira51,
djleo_rodriguezz,
ph_celestino27,
danyleonelvasconcelos,
deboraevangelist,
niltonjosegomes4,
ioeste2025,
edegarsilvani,
jasmonabreu,
dinama_ra,
th_messias_,th_messias_
maria.aparecida.costa.cruz,
guilherme.gobbi_,
marquespamella32,marquespamella32
larissa_santos_234,
j.a_ramos,
anasofiaoliveirabastos,
olga7258,
maico6853,
kauana.guimaraes,
gilvan02022,
elzapereiradesousa,
ricardosantosdealmeida113,
idali.diniz,idali.diniz
carloswarleyfachinelli,
gabrielreis2393,
tiagogestor,tiagogestor
arcoiris.papelaria__,arcoiris.papelaria__
euamolagoa_,euamolagoa_
pamella.carvalho111,pamella.carvalho111
_hericaasoares,
arq_reynaldopinto,
biancaavaladares,
djxandee,djxandee
luizferreiradasilva2005,
marlene_m_cardoso_,
_thalitasena,
indiane_carvalho,
lealrenatoleal,lealrenatoleal
eudivanamorim,eudivanamorim
angelicasilva.silva.7583,
fernanda7.coelho,
izidorioguimaraesphotograph,izidorioguimaraesphotograph
mariadivinasilva35,
julianempimentel,
grandilson.producoes,grandilson.producoes
ateliedecosturadaludimar,
darliene_pereira_,
franca_machado_salvador,
luquinse,
tania_bulhoes2,
lemes_tamiris,lemes_tamiris
locutorvaldeon,
marcela_lana,
julianacavalcante.oliv,
wemersondasilva_dno,wemersondasilva_dno
julianarodrigeus87,
adolfo.rodrigues85,
kellicandrec793,
terceirao.ceta,
paolaoliveirajoias,paolaoliveirajoias
sepeatocantins,
katianw2638,
sabrina_martins062,
lilianeoliveira007,
ef806126,
gabryellamarck,gabryellamarck
rodriguesmartinsfernanda,
cristina_063_cristina,
rosimarquesoliveira,
dannysilvato8147,
waldenizasouzabastos,
zelia_bernardaa,
daany_martins_,daany_martins_
santana.lizete,
ludiastorres01,
feranoiteforrozao,
paraisocompletlar,paraisocompletlar
lanibulhoes,
marinaldodasilvacastro,
dheilyc,
letijansen,
danielasouzaes,
lucylleyalima7,
donizete8522,
mariah_alice_j.alves,
wandersonferreirade_sousa,
rafaellaprado58,
edileusadiasfonzar,
oluizjornalista,oluizjornalista
2_coracoes_fc,
rivelle.ka,
pedrofernandeslight,pedrofernandeslight
maryana_pinheiro02,
pedrobarbosa7780,
marcilene.desouza.18,
daniel.lustosa.792,
locutornilmarrodrigues,locutornilmarrodrigues
dalmamarinho_naildesigner,
francyelly_potencio,
fabricioveloso89,
nayarassv,
domingasconceicaodas,
charlesgarcia576,
thalisborgess,thalisborgess
thorapoioeseguranca2023,
grazielacortez,
jaquelinemacieel,
katiasirlenemartinsrocha,
bianca_nunes1324,
wanglesa_silva_1996,
master_shows,
catarina.araujo.395017,
robertamendes399,robertamendes399
albinnha_allvess,
_sheyla.avelino_,
edileide.pnascimento,
adilainylopees,adilainylopees
rayane_lannucy,rayane_lannucy
luiz_paulo2204,
valm.ir9407,valm.ir9407
antoniacabeleireira.hair,
clementepaniaguaiglesias,
wisllaynne22,
luisrm.vet,luisrm.vet
gracilene.sena.37,
kelisrosacardoso,
nadirpareira,
rhannya.otinho,
wmbotchat,
lauro_marquis,
janicleidesilvalima32,janicleidesilvalima32
weidergomes.7,
danmirandame,danmirandame
joelmaba34,
ju03.16,
lariih_bastos18,
wezio_souza,
josilene_edu_,
sabrina_santos747,
bertaccoraquelviana,
weberson_e_lucy,
jailson.gomessantanadasilva,
washingtonbirino,
_vitao063,_vitao063
ana_ksoares,
arlos_vinicius,
clesia_tonaco,
tigraomaurilio,
kati.souza.9659,kati.souza.9659
zelialima.10,
sarahrodrigues9658,
larissafatima.emiliano,larissafatima.emiliano
jolsilva,
rayza_lemos_,
patricianunes_01,
cawe_59,cawe_59
pmonteiroo,
lojadoceestilocasearaa,lojadoceestilocasearaa
taynah_airess,
pauloricardo.oliveira.1614,
marquim_couto,marquim_couto
calypsodoparaoficial,calypsodoparaoficial
aas2004_25,
raulbatistaoficial19,raulbatistaoficial19
cleidy.batista.90,
agrocentrooestefamiliar,
larissa.alvesr,
angra.silva0_9,
marisarocha.souza,
kely_ramila,
dislane_saraiva,
vigiareiluminar,
randrieleadv,
eubimoliveira,
joi_cyelma,
emanuelam1723,
jeanscarlospereiraribeiro67,
confresa_oficial,confresa_oficial
gislanysilvacosta,gislanysilvacosta
lanna_barros23,
pauloronter,
flavioaraujomkt,
wanderley8166,
wesleyfranca,
closetborges,closetborges
karlaerielymagalhaes,
maiconoliveira8822,
jessolivesil,jessolivesil
estefe_lorrana220,
felipebarrospmw,
ilvianesilvaabreu,
paulina_silva021,paulina_silva021
souzamaerson,
raquelaugustac,
raiane_ssouza,
lucilia_queiroz,
luquinha_.s,luquinha_.s
poliana_ribeiro_2508,
elisabethpereira2020,
lazarocruz.lzr,lazarocruz.lzr
maryeneribeiro,
monicacoelhopereira,
darlenibarbosa,
matrixprodutora,matrixprodutora
ellenclarabarbosa,
chavozinhotdcpereira,
elivane__brito,
nilson.gomesdossantos.564,
geaneejuliah,
catiane_araujo_caty,
roneelyana,
anacarinaconsultoria,
danielaferreira98596336,danielaferreira98596336
denise_olima,denise_olima
bielll_____46,bielll_____46
rafaelmatos063,rafaelmatos063
vaninha_st25,
luzimarsilvademoura,
th_brito060,
salindresribeiro74,
glaucya.saturnino247,
coral.vozes.pium2024,
elianabandeira75,
helmerconecta,helmerconecta
silvaisadeassis,
vera_lucia.123,
tocantins_moral,tocantins_moral
ruanmoraesofc,ruanmoraesofc
nairianenlsp,
evalima2020,
prefeiturapequizeiro,prefeiturapequizeiro
lannamariah_,
vinydamareoficial,vinydamareoficial
ana_lauraaa_03,ana_lauraaa_03
tania_psilva02,
lucienesoaresdeabreutorres,
deusinamonteiro,
deuserlyrodrigues,
anderson_deusinho,
samaramenesescardoso,samaramenesescardoso
jmateusrfs,jmateusrfs
benedito6556,
ingridsantanareis,
guilherme.volz,
morganna_luh,
ernandesparriao_,
torkao25,
rochadesouzamarcela,rochadesouzamarcela
marcio_matarazzocantoroficial,
hanoway,
izarlete3,
jesanna_almeida,
walsantos85,
rodriguesdacostaluiza,
geyciele_borges,
glorias_vp,glorias_vp
jessicasabrina2009hotmail.com_,jessicasabrina2009hotmail.com_
adryannaalves14,
g.rogeer,g.rogeer
alencarlucyele,alencarlucyele
x1_parana_to,x1_parana_to
vitoriamariasouzaf,
elistolentino,
maria_de_fatima_andrade_caetan,
kalsdqoficial,kalsdqoficial
gabivalopes,gabivalopes
alexandremartinsti,alexandremartinsti
edmilsonwds,
junior8306silva,
silvacleidiany,
orafaelbertacco,orafaelbertacco
claudiosantos099,
igdapaulinhamsilva,
jailsonchimango,
steffany_gomes360,
anacarollyna201,anacarollyna201
karmatheus_123,
guilhermebrittob,
lenes_oliveira_,
valdivina.alvesoliveria,
cleiasousafonseca,
ciaderodeiojm_vo,ciaderodeiojm_vo
cristianelimaalcantara,
gabriiell_oficial_63,gabriiell_oficial_63
lary.deogenes,lary.deogenes
moreira_vitoria20,
giovane_oliveira712,
manu_kepke,
odouglasreis_,
helena_santtos3,
luzelisandra,
adelinaanajulia,
bombeira_sandra_alves,
lucassilva_ft05,
vaniltonsilvabarros3,
radialista_magna_,radialista_magna_
gabriel_fernan07,
mineratins,
almeida.lima.1004,
ascomatm,ascomatm
jornalopcaotocantins,jornalopcaotocantins
phagonysilvva,
waleria.amorim.33,
pyettroforlanmarinho,
wagnogodoy,wagnogodoy
quixabeyra,
halynnebarbosa,
agathavictoriasouza7,
mery_helen_depaula,mery_helen_depaula
adrielebessa,
diego_lopes_199,
sra.sarahruth,sra.sarahruth
britomayllon,
joaoleao153,joaoleao153
sirlenemartinspso,
escivaldoabreu,
sandrobarreiradasilva,
isadorakalindamv,
izaias_guimaraess,
mk_refrigeracao21,
monaliza_mesquitaa,
guilucasmkt,guilucasmkt
agita.drinks,
igdavanessa_,igdavanessa_
bomfim.silva.167,
anglagomesdesouza,
diegosantana_96,
maraandreiaprediger,maraandreiaprediger
karyna_souza_123,
vagner_lima97,vagner_lima97
luh_gallvao1992,
raimundarodriguessouza,
sourayanegomesde,sourayanegomesde
kirleydiasoficial,
_elianegpi,_elianegpi
francielly3625,
lucas_gs33,
herebbergmilhomem,
marlene_perereira_araujo,
analuisa_msba,
depcleitoncardoso,
vaneidedivina,vaneidedivina
thayllane.01,
helenbatistahotta,
joysedayane_,
sebastiao.gomesdesousa,
rodrigo.barguena,
comitivataodelicadas,
erismarp8,
gilsomarlimamota,
elisaleandro100,elisaleandro100
lauanny__oficial_15,
lirilene_moreira,
santanadesousaraimundo,
paulinhafaria_b,paulinhafaria_b
duda__soaress,
silvan.sena.94,
lilianrodriguessilva,
djesus2011,
raelproducoess,raelproducoess
daianeamorimdossant,
hanexmarcelo,
wemerso_f_de.souza,
osiresdamaso,osiresdamaso
ecoaraguaiajunglelodge,ecoaraguaiajunglelodge
marcos.01._,
ingridalmeidareis,
elismarlorenzi,
julianaalves9201,
lucas.gabriel_silv,
angeslane,angeslane
nadir.navarro.54,
julia_evellyn_f_,
tajmarinho,tajmarinho
renatimguimaraes,
anapaula.bessa.carv,
dellaiane,dellaiane
adailton_gloria,
__anny_leite,__anny_leite
mariaangelagomesdeoliveira,
aldaisamiranda,
aclaudinhaunhas,aclaudinhaunhas
negha.negha10,
eurislaine5,
daniellamontelo,
sthefany.vs81,sthefany.vs81
ellyennesilva,
gabr.ielaoliveira1296,
vanicleisson.karaja,vanicleisson.karaja
danielzinhoalves22,
prisme_to,
rosimara.camargo.75,rosimara.camargo.75
th.depaula_oliver,
saude.abreulandia,
alinebalsanulfo,
danielfgalvao17,
lm.de.oliveira,
suelma_rego,suelma_rego
regesjr.soares,regesjr.soares
alansantosde.almeida,
seturtocantins,
decio_fernando_xavier,
pablonazarenoazevedo,
golinhadograu_,
rrprodrigorrp,
eumylopes,
jose_dos_santos_moraes,
nubiasilva_29,
deusivaniasilvalima,
rosas_tocantinsofc,
andrefigueiracarvalho,
emillylohanyolivera,
maraba.shows,maraba.shows
sandramagalhaes1963,
sherlley__araujo,
vagnocopim,
aury_ssilva,
eueli.marketing,
joaovictor_ph,
roseane_sousa1,
loranymouraa,
valleriamorais,
brito3415,
casarao.to,casarao.to
trilhadaaleluia,
darlanaraujo90,
tthiagodutra,
comitiva_amigosquadrangular,
dmldanyllo,
ana.ritaalves07,
erickpatrickpinheiro,
renantk,
janainadossantos474,
mundo_magico_brinquedos_ita,
whinderson_silva,
diegolima1502,
matheuscostaoficial1,matheuscostaoficial1
leandrabarros282,
rr10tocantins,rr10tocantins
zayneevangelista,
samara_sg,samara_sg
vivianpaullino,
mari_ribeiro_2,
renata.mourasimas,renata.mourasimas
mariapaixaosilva9,
conceitolagoa,
mariles796,
mikaelle.loopees,
liliafeitosaamor,
layane_948,layane_948
kariellepereira26,kariellepereira26
andressa_alves_silvaa,andressa_alves_silvaa
valdisoncruz,
ferreiralopesedy,
edsonfabianoalvesnunes,
prih_14,
projecttreinamento,projecttreinamento
jadimar_silva,
joallythacristyna,
valdirene054_,
valterfereirasantana,
irawilson9,
cleidianeferreira2106,cleidianeferreira2106
joycefonsek,
sami.brito.9,sami.brito.9
anaananjinha,
mayana_2729_,mayana_2729_
liddinha,
gedeonbarbosa,
loicacarvalho,
patty_sousa26,patty_sousa26
salaodaamanda123,salaodaamanda123
milenamc_enf,
michellemesquitas,
laura_auxilliadora,
mayragabriellyfreitas,
lucicleia.linhares,
pedromariorosy,
leandro_miojo,leandro_miojo
michelly4576,
dmcar1213,dmcar1213
simonesouplast_mesaposta,simonesouplast_mesaposta
quedmateixeira,
prefeituradearaguacema,prefeituradearaguacema
agropacifico92479633,
marciodojeova,
sergioccsantos,
sebastiana_pereira_cardoso,
edwimnaty,
enf.veronicasilva,
joceliasobrinhodossantos,
enzomacedo07_,enzomacedo07_
yara_mach,
marizan_dos_santos,
lulu_resplande,
eliaquim.guimaraes,
weltonmoreiraborges,
evacarolinesantos,
wesleypwa,
deboramatheus43,
alesandro_parise,
hiezakessia,
proescola.com.br,
leandrosaol,leandrosaol
lyma_layara.22,
gui_r45,
lurdes.cardoso.1441,
liliam.marcal,
_darlene_26,
christielli_correia,
studioleticiaramos,studioleticiaramos
maradias999,
aira_raabe,
eng.caiojulio,
lucristovam,
dinair_montelo,
marcio_leite_silva,marcio_leite_silva
lykakarvalho,
deurifran_costa,
frank_hamburguer_artesanal_,
gisousaaguiar,
le_mesquita,
deilaaraujo,
pedro_souza0063,
richard_aantonio,
cesarmoreira87,
annyjhoyce,
itamaraalvesbarbosa,itamaraalvesbarbosa
rafaelnegre,
mariaraimunda9795,
muri.lo3561,
tacido,
amanda_do_nascimeto2353,
amaro.luis.9655,
patriciasoares.abreu,
kednahonda,
kauan_saanttoss,kauan_saanttoss
marcus.sv,
nildetedejesus1211,
elyguedim2025,
mariaantoniavaladares,
leidesoares_132,leidesoares_132
marinho.pereira.nascimento,
liviareeg,
viniciusanjos86,
mariademelo919,
ingrid_vik,
heroito_lana,
nazenirfernandes,
anafernanda.pereira.14,
edna.narcizo,
nataliartavares,
augusttsillva,augusttsillva
hermarkzz,
antonio_erandi,
wevertompimentaa,
helenagaldinooficial,helenagaldinooficial
valdesoncantuario,
lucia.andrade3158652,
eli.cabeleireira,
_madmax62,
periclesdonato,
regina_fracelino,
maralorena1,
franciscotiagoguedes,franciscotiagoguedes
josilenebarbosasoares,
waldilene_10,
leandrogalinze6314,leandrogalinze6314
opbtony,
carlimarapotm,carlimarapotm
elenice.dantas33,
lucas.felipe.sousa,lucas.felipe.sousa
k_moura06,
jesuscristosilva827,
nanaf_ma,
ghuyllbert,
tallytafelix06,
joao_pedro_s_tavares,
mayraoerleckes,
fumajet,
gilsonpedrolucassmm,
adriana.fantinel,adriana.fantinel
raianerosaalves,raianerosaalves
_ennos.costa_,_ennos.costa_
joao_machado_prefeito,
marcineidedesignersobrancelhas,marcineidedesignersobrancelhas
juscellyno_martins,juscellyno_martins
vanderleneseguradoreis,
ferreirinha_068,ferreirinha_068
gilsivamperegrine,gilsivamperegrine
agromais_consultoria,
biasilvinhaa,
dspb38,
moraisdesolsa,
mouramessias,mouramessias
chavesvenancio16,
wess.oliveira,wess.oliveira
monica.martinsdesouza.9,
carlosantoniodeto,carlosantoniodeto
menor_150_vinho_244,
kaiqu_elima2003,kaiqu_elima2003
isis_valentinna_rodrigues,
telmamariademenezes,
palomarodriguesdesa,
pretorec,
sousacostalucelia,
comitiva_lacofirme,
kawa9305,
moveisaraguaia,
mayanne_juca,
aecioflavio_,
maisfit__,
leidesabina,leidesabina
jhonnycortez_producoes,jhonnycortez_producoes
fernanda_pbarros,
jptvbr_oficial,jptvbr_oficial
martemys_cavalcante,
mirandarochaianna,
zedopovo10111,
ana_gones_,
capitao_de_areia_2028,
antoniojunior.pso,antoniojunior.pso
kenyaaraujo6,
teclasproducoes2025,
anna_cris21,anna_cris21
adelinolimada,
rosangela.c.soares,
ellen_zpessoa,
keniacristinagpi,
ricardotateshita,
deuzinaldosanto,
emival_rocha_,
naipesconsultoria,naipesconsultoria
rodrigoamaralpesca,
arfoto17,
luan_vitorvl,
r_jaque07,
juniorcotrim,
beto_e_jessica_,
railmahavilla,
bala_tendas,
luzianenunes__slots,
rayanemartins8,
carlaguedes827,
izaelmabonfimlucas,
menezesarleide,
lucimeire.scosta,
antoniojustofilho,
danellaoficial,danellaoficial
drapolly_suelleng,
suzasilva08,suzasilva08
f250tenebrosa,
silva.iraidespereirada,
walbento0,
amandarafa.azevedo,
lucireneejailton,
giovanasignorini,giovanasignorini
marcia87.alves,marcia87.alves
raiane.monteiro.125,
jacirenepereiraribeiro,
secihd.to,secihd.to
claudio502b,
joseodaiodair2,
semedbrd,semedbrd
matheusmoraistv,
evanildeguida,
eliana_tmoreira,
evelingfv,
lorenalooes,lorenalooes
mariangelaaa2020,
francisco_deasisb,
eliana5315lopes,
gabrielfonseca1617,
raynnykiss,
rodriguessuetom,
carlosataide.p.agmail.com7,
valfeitosa180,
gustavosampaiogsb,
anadarte.alves,
anapaulamendesmorais,
abiasaraujoaraujo,abiasaraujoaraujo
flavianapereirada2,
juniormarajocariri,
nara_rubia_lima,
rodri_juh,
juliocesargloriadasilva1,
julianaap.martins,julianaap.martins
tiagofaria1213,
cleibeneto,
loucosboys_ofc,loucosboys_ofc
seplantocantins,
salesnascimento0987,
ap.arecida5574,
thaianethai,
davidpereiracruz_,
claudetedorta,claudetedorta
danilo_do_retiro.33,danilo_do_retiro.33
rogeriomend,rogeriomend
alice_soares_de_carvalho,
wocacruz,
marcos_dionizioo,
carlosgaguim,carlosgaguim
jbaguiar1,
felipeseliger,
juarina.melo,
danrleymichely,
marianubiasantosmatos,marianubiasantosmatos
jani_gomessil,
ameliocayres,ameliocayres
cleide_santos_pereira,
samara.carvallho,
larissacr30,
joelma_afr,
thaay_carneiro12,thaay_carneiro12
brunobarbeiro_costa,
donaryahmalltah,
leidnaldo_laranja,leidnaldo_laranja
jadielaraujopereira,
adrianosilva12_81,
rodriguesjoelmacelestino,
reginaldo303tom.silva,
thaissimoesmatos,thaissimoesmatos
jaque_filgueiracosta,
acamilaandrade_,acamilaandrade_
suairmarianodemelo,
josericardof57,
forro_namarraof,
kekel_souza_19,
cristianedossantosamorimsa,cristianedossantosamorimsa
sellmagr.oficial,
edeglan_pinturas,
ricardobarbosa705,
karollyne199,
toinhoandradeto,toinhoandradeto
tonimoraisoficial,
denize_bernarda,
kauanny_aguiar37,
jackssael_,
silvmarciooliveira,
jf.silva30,jf.silva30
sindicatoruralmarianopolis,
ivaneteidlp,
jeffersonagamenon,
patriciamachadomkt,patriciamachadomkt
renatocsr_personal,
lilian_enf,
rvieira49754,
musicomultiplo,musicomultiplo
prefeituradepium,prefeituradepium
prof_geovanio,prof_geovanio
romario_scabral,
euairam.23,
arudiene,
pauloricardosilva68226,
luh.almeida15,
perpetuafsilva,
luciliamiranda26,
cleopiabss,
cydah_costa_,
silvania.souzasilva.9,
tatiana_balmeida,
laurezmoreira,laurezmoreira
mariaferreiaborges,
uniaodosvereadores_asscam_uvt,uniaodosvereadores_asscam_uvt
portalcnm,portalcnm
franciscorubensoficial,
santospi_b,
nerildaxavier,
raul_cruvinel,
afeipar_pso,
railsonmartinsdasilva,
rosamfarias,
antonielsheik20,
daymidiadigital,daymidiadigital
raylaninha10rodrigues_,
_wesley.nunes,
_tatianeribeiro8279,_tatianeribeiro8279
_josue11c,_josue11c
thaissimas.adv,
carol.vale.ofc,
val.reis.712,
prefeitodiogoborges,prefeitodiogoborges
tatyaacardoso,tatyaacardoso
rr_montagens_e_acessorios,
josyfrancoo,
jeff_70x7,jeff_70x7
edinarsalete,
suyanne_silva23,suyanne_silva23
rycardo_alcantara,rycardo_alcantara
jackson02futsal,
arthur_almd_santos,
slucyleide,
farncirley_pmw063,
rosimeireribeiro1712,
alvesyeda,
guilherme.mbo,
larissa_2431,
tavares_rtn,
mariaedite80,
volzangela,
joaopereiralucio,
flavianaox,
laurospjr,
henriquebb.oficial,
najuliaa_almeida,najuliaa_almeida
auriceliadivinaalcantara,auriceliadivinaalcantara
frania_nobre12,frania_nobre12
reneidemoraes,
enimariamelo,
topfamaparaiso,topfamaparaiso
vet_vale_do_araguaia,
mundicobezerra,mundicobezerra
culturadivinopolisto,
vandersoncurika,
biannca_carlla,biannca_carlla
dearaujodiassoares,
marciacristina7438,marciacristina7438
alemaovaqueiromoral,alemaovaqueiromoral
parkreinoinfantil,
evaresendelima,
soletti_solucoes,
_roberta0134,
ihannanunes,
math.eusr10,
vivianesantos9047,vivianesantos9047
joaomiguel_12390,
danuziadalat,
marison_santana,
frrcarvalho2422,
celsobrunofilho,
jp_m.moveis,jp_m.moveis
uanderson_doidao,
lucasdiazcantor,
josiano805,josiano805
carlospousoalto,carlospousoalto
adriiiiano_silva,
suelisoaresd,
lorrana551,
flsanchessilva,
aguineideg,aguineideg
gerivaldo_lopes2,
prefchapadadeareiato,
carolaine_2712,
janaina.dosanjos18,janaina.dosanjos18
belao_ba,
efaportonacional,
gislaneoliveirag,
nasccleber,
gestum.consultoria,
geles_maria_ribiero,
gesiellourenco,
danybarber12,danybarber12
terezihadioliverasilva,
99.2588080,
omaycosales,
andressa_oliveira063,
adelson9139,
arlansilva07,
aliene.souza.39,
paraisonograleoficial,
welersonbarros,welersonbarros
guilhermesantos0710,
marcelianybarbosaa,
ismael.alves__,
abnetto34,
amaury.sousa.31,amaury.sousa.31
dannycelesttino,
isaah_lany,
magalinda0120,
joanadgois_,
_raquel_gloria,
leudineiarodriguessoares007,
mateuseu_,
gueyllafaria,
gabriela_monteiro29,
patriciapbarreto,
rs_dienisson,
neivalucineiva,
rj_renatojayme,
critaclara9,
neia.lopes.988,neia.lopes.988
22sarah2,
marcelocavalcante.ts,
solojusto.to,
omarhennemann,
jeania_silva_,jeania_silva_
ideputencio_kse84,ideputencio_kse84
tom_bikes92,
jrneriis,jrneriis
studio_thaisgalvao_pso,
roberty_kanley,
hythasantos,
alessandro_do_agro63,
domingosgoncalves.oficial,
leilianebt,leilianebt
mheidson_ft40,
surgiunews,surgiunews
alansoaresde6,
p.r.pinturas2025,
lucianojph,
joycemarques2141,
cantina_ruralto,cantina_ruralto
lucivanefonsecadasilva,
semascaseara,
joy_ce2459,
wiliam.assuncao.do.cantao,wiliam.assuncao.do.cantao
renatoalvessousa,
andressacoelhobarbosa,
meyer_marlon,meyer_marlon
marcelao_09,
elizangelalimagama,
domingos.c_,
taniacastro.ofc,taniacastro.ofc
mane.go33,
ariane.ferreira.50746,
almericelopes_fonseca,
lustosa.lidiane,
talinnecruz,
izadiascraveiro,izadiascraveiro
tamires0217,
pa.ulinho603,
gaby_calixto_,
nicolas_negao_terra_boa,nicolas_negao_terra_boa
millena.rocha.reis,
restaurantedeliciabrasil,
aanaclaramuniz,aanaclaramuniz
cezarnsouza,cezarnsouza
geovanna_1008,
artesanal.paraiso,artesanal.paraiso
dybritu,
palmascity_,
fontourabrunapereira,
marzalempires,
fabriziofonseca,
_gigantesdoaraguaia,_gigantesdoaraguaia
ecivan_dias,
debora_lopes_paiva,debora_lopes_paiva
nilzanakbella,
carloskrugerr,
ericadasilva607,
bihsulzbach_,
heversondasilvalino,
arthurlazaro_1974,
lorrannegama,
wandersonsimiao063,
amandynhah_araujo,
dannyy_rborges,
emmanueldamaceno,
praseressilvaneto,
wendsonresende,
jaildapereiray,
rafael_angela_gerlach,
rikelmix,
annacomth,annacomth
_vjdopiseiro,_vjdopiseiro
rodrigo09almeida,
romildomattos_kamisa_sensual,romildomattos_kamisa_sensual
silvanaelizabethsilvana,silvanaelizabethsilvana
weltondulci,
liliarenebarbosa,
drlucaspiresrocha,
tocantinsaraguaiaassessoria,
rancho_conexao_,
jose19henrique,jose19henrique
weverton_agronomo,
eddiekeity,
elianerosa075,
bartolomeur21,
silvamarinhobrasroberto,
eupaulinoja,
joicimara_barros,
janaynna.lima,
meurypereira07,
menina.dbrito,
marciogreikmg,
augustoarrais,
gabrielkarvallho_,
jeferson_rodriguess11,
lailaluisa12,
kenia_passarinho,
cacasilvashow,cacasilvashow
juniorcesarcost,
bonfimdossantosborges,
dr.gilneyrodrigues,
rodrigosatellite,rodrigosatellite
elen_cristinn,
lorranetargino,
glenda.martins1245,
nutri_kellyamenezes,
triomeninosdegoias,triomeninosdegoias
mayara_fernandes_c,
aldemirpereirasoares.soares,aldemirpereirasoares.soares
marcosalves95,
henrique_vicente1982,
isarezende51,
alderi_santana_,
goleira_raquellopes_12,goleira_raquellopes_12
marya_bonfim12,
tainara__muniz,
emillycristi1,
daiane_kesse_jhones,
raquelsilva11503,
ze_do_pitty,
christiansilva____,
diego.benicio.180,
elielputencio,
azevedomariahelenabraga,
fabianolocutor,
nascimentociceraromaodo,
dw_lanches_salgados,dw_lanches_salgados
lopesmouradesouza,
churros_da_deusa,
riccaiannyrndeoliveira,
prefeituradegoianorte,
pr.marcos_vasconcelos,
lenovinicius10,
atelie_da_pizza_caseara,
alef_lopes22,
rosecosta58,
neidycarvalhodasilva,
delitaniaoliveira123,
ismael_brito10,ismael_brito10
lanuzy_gomes,
ivanildo.aguiar.58,
andreereisoficial,
nilda_silva222,nilda_silva222
leda_30,
vanessarodriguesaguiar,
m.grazy_paiva,m.grazy_paiva
mariacleusimar2022,
romildolustosa,
aristeu__camargo,
zezinalima,
mariinharsf,
kerlianegalvao,
oliveira.luizdejesus,
jonh.adr,
divinarochaurn_,
mkeffects062,
maria.de.jesuslop,
nayara_lira_,
gabrielam.lana,
larinha_operadora_,larinha_operadora_
fernanda_souza4630,
edvaniaperegrini,edvaniaperegrini
maya_lustosa_,
carlos.maycon.49,
kaubyalvesabuoficial,kaubyalvesabuoficial
helmermartins77,
sulagaldino122,
jocivan_ribeiro_,
fabiola_dias_2,
gois_e_lopes63,gois_e_lopes63
eletracantora,
josy_centro_de_beleza_inovar,josy_centro_de_beleza_inovar
compactoeventos,compactoeventos
patricia.monteiro.906638,patricia.monteiro.906638
douglas_rosemberg,
rachelarteemargila,rachelarteemargila
closfoto10,
maria_lucia5417,
_assunssao_,_assunssao_
marcelims.moreira,
joaoantoniofonsecaneto,
___marisouz,
carlosrandalloficial,carlosrandalloficial
pereiradecarvalhoedson,
ah_negah_katty,
rosileide576,rosileide576
phataylemos,
alice.monteiiro_,
betodouglascerri,betodouglascerri
milhomemdomingos,
alexandre.tavares.2019,
pc_assistencia_tecnica.ofc,pc_assistencia_tecnica.ofc
nv_comunicacao,
maurooliveira201984,
nelialenir,
onezaaraujodossantos,
tailanenakano,tailanenakano
uk_marcos,
venuzamesquita,
thallyssoncpalmassilva,
marcilene.belem,
hiago_silvar,hiago_silvar
marcia_rp_santos,marcia_rp_santos
mattos_ph_,
haulinton,
lorehmiranda,lorehmiranda
mirianartescroche7,
wemersonreislour,
elidafernandasantos,
wellinton761,wellinton761
carvalhomayse,
eu_tayoliveira0,eu_tayoliveira0
aranharthur,
flaviafaria.jrpso,flaviafaria.jrpso
gabrielnoleto,
cris_leonel.nail,
tocantinsmuagem,
wilmagomesaguiar,
patyvanderley,
rezende_nubia,rezende_nubia
bru_eloh_viny,
heliareginaaraujodasilva,
fazendas_to_5265,
thaisbritovaladares,
adayanemenezes,adayanemenezes
ivanildecantuario,ivanildecantuario
marta.miranda.machado,marta.miranda.machado
kellyrhillarynascimento,
simonebossoaraujo,
anapaularodrigoschmidt,
uai_thayna_,
marxvenicio,
cirissy,
adenilton_mamutte,
marcioosousa25,
cleber.ferreirag,cleber.ferreirag
lenirkruger,
diomar_ferreira_dias,
dacilene_lopes,
wesleymoreiramalheiros,
gabriel063w,
lulu_coelho007,lulu_coelho007
rita.cacia12,
tribuna_do_interior_oficial,
daniellalopesmachado,
_miltondas3,
jam.agricola,
dr.adairescavalcante,
alyne__almeidaa,
mara_domarao,
projeto_que_defesa,
rosateixeirafurtado,rosateixeirafurtado
railson6611,
natycasearaaz,
thais.morais.758737,
lenilson9631,
almeida_ronan,
vereadoredmarramos,
ilmaribeiroc,
celinaeufrasioxavier,
rei_dos_churros10,
rnonato.carneiro,rnonato.carneiro
cunhavaniadasilva,
jo.faria,
denisemarques0808,
luizcarlospso,
wanessa24milhomem,
marcivane_sales,
elisvania.ferreira.127,
jaaziel_costa1265,jaaziel_costa1265
simone.s.coelho,simone.s.coelho
joanirodriguessantos,
divineilasilva,divineilasilva
monicagomes2320,
diemerson_063,
rita.p.silva.908,rita.p.silva.908
alvesjuraildes,
dep.eliborges,dep.eliborges
franciomarquesadorador_ribeiro,
jaquelliny.santos555.tomaz,jaquelliny.santos555.tomaz
ray_lane23,
wsbsilasatitude,
ferreira_grupo31,
geciransaraivasilva,geciransaraivasilva
jhefferson_calixto,
oliiveiradanniela,
marcossalmeidha,
kalinisantos02,
vinicius_duarte_ofc,
warley_1620,
josecarlosfigueredovieira,
hugoguimaraes03,hugoguimaraes03
ericleide_chagas_,
lobao._xp,
breninho_rzt_063,
wandersonferreiraadv,wandersonferreiraadv
jomayra.vitor,
vanessasarada,
rosamonica.vereadora,rosamonica.vereadora
d_cor_pintura,
rangelamorimoficial,rangelamorimoficial
lu.dmila413,
jocyelmasantana,jocyelmasantana
marcosdavaldeci,
casearanewsnoticias,casearanewsnoticias
cuquejomoreiragmail.com7,
anderneidemarques.adv,anderneidemarques.adv
gabriela_camilo24,
espaco_donna_sophia,
rosangela_celestino77,
clleitons,
dayana.atm1,dayana.atm1
caetanomoraisedilson,
jhessicakanandra,jhessicakanandra
bruno_mqueiroz,
kettley_katiele,
itacconsultoria,itacconsultoria
francieldebritogomes,
walguedes,
pedrinnarejane,
kabonemusicc,kabonemusicc
zico_do_povo,
sobrinhodivino,
luaria_sousa,
alanfonseca_corretordeimoveis,alanfonseca_corretordeimoveis
polianafortaleza,
joaobatistam.melo,
radio_105fm,radio_105fm
wadafrancyel,wadafrancyel
uelizangelasouza,uelizangelasouza
ludiane.pereira.92,
raione_nunes,raione_nunes
jair.lopes.54,jair.lopes.54
leidyaraujohotmail.c,
watilada_silva,watilada_silva
dhionesmoraisdasilva,
simonematoos,
pnaepassofundo,
rqueltatiane123,
netoejr,netoejr
estefane_carvalho1,
leocorreiasantos,
reformadorapolacao63,
dyegohenri,
teixeiraalewagner,
nanda_mattos0063,
saudecaseara,
opaitaon.1540,
luandsg_,luandsg_
elltonfausttino,
majucotrim,majucotrim
prioli_vinicius,
eliane.social,eliane.social
claudia_sousa06,
deuzirenebernarda,
thamyrisnascimentos,thamyrisnascimentos
ivanicevieiradearaujo,
rancho_do_gaucho,
elijania_pires_lv_lingerie,
joaobatista.paulapacheco.3,
ats.tocantins,
olivialopesdeoliveira,
ribeirobentadospassos,
luiz_fernando997123,
wanderson_oliveira_campos,wanderson_oliveira_campos
vilanydepaulabarros,
cestas_mali,cestas_mali
cleicianeaf,cleicianeaf
isabella_monaraa,
frases_pravoc,
revistacidades__,
anacacia.k,
cida_ana10,
achadinhos_net1234,
marcositapaulo,
viniciusraynerandrade,viniciusraynerandrade
maiquel_rainer,
nidcaseara.to,
niviaabreuoficial,niviaabreuoficial
marceloborges22,
claradejs,
luizotavio4665,
leuzenialves,
vanyaguiar06,
rai_rbs,
sineborges,
rodrigofarmaceutico,
monteiro.silva.792,
lene.lima,
lucirenebelem,
carlaromaoto,
aryelly.ferreira,
escolapedroguerralagoa,
simpolcredguarai,
abimael430,abimael430
tiago_silvani,
gabiedavi24,
gb_investimentos1528,
deusmeutudo4555,
vilsoneysoares,
bartty.vale,
venuziabarros,
rosangela_rodriguezs,
cantorguilhermeoliveira,cantorguilhermeoliveira
coelhorochaanamaria,
lindomarwilke1981,
zenaide.lustosa.14,
bandadeusdepalavra11,
owisleydias,owisleydias
borghes___,
lab_alianca,
kaharaujo.97,
yedamirandalima,yedamirandalima
dm_pesquisapolitica,
fernando_shock_windlin,
_almeida.dias,
institutoaraguaia,
anacarinamendessouto,
carlos_henriiquee46,
ayulenee,ayulenee
patriciadeoliveiraribeiro,
vanderluciarodriguese,
giseleticiani,
marcos_matias2313,
denilson_mackyntoshy,
calmartins2,
forrodeeliteof,forrodeeliteof
edmilson2948,edmilson2948
dayanne.costa.1848,
galegoshowcantoroficial,galegoshowcantoroficial
joao_felipe_rzt,
ricardo.vieira_oficial,
rafaelmiranda_to,rafaelmiranda_to
debi.bk,
navalcaseara,
sandrorodriguescantor,
mirianvargasdocarmo,
cras_dearaguacema,
luana_r_r_de_lima_dias,
samuelbritoneto,
opiniaoemfocobr,opiniaoemfocobr
admcaseara,admcaseara
luciano.lobo.oliveira.2020,
adriano__pereira_,
leticia.alcantaravasconcelos11,
ebrafecursos,
taticano.44,taticano.44
lvte.com.br,
natuambeng,
andersonsilvaoliveira4,
mvcconstrutora,
nelin_xtre,
silas.jrsilva12,
elaniassho,elaniassho
weslley_f_parente,
julliana.paixao.96,
marisjacome,
rosanamota024,
kisabor063,
silvaheliohenrique,
edersondionisiodemelo,
marcioshows,marcioshows
andrerasteli,
matheusalvescolares,
marcinha_andrades,
paula.mendes.946517,
yolaydecoracoes,
antonieta.fisioterapeuta,
perfugelnordeste,perfugelnordeste
nilci_silva6,
terra.clebio,
liliandesa07,
marcianitavaris,
adevasjt,adevasjt
paraisoparques,
mjcertificadoradigital,
kelma.sousa.5,
vinicius.duarte.9066389,
dibrummel,
jaquelinelustosa1,
perlla_camargo,
drmarcoscostajr,
neguin_dmr,
artsom.gurupi,
lucastarissio,
tulio_henrique_souza_silva,
iacan_oficial,
marcelosouza4330,
edmundocastrorodriguesf,
showtopproducoes,
jamersonrcarvalho,
janesferreiralopes,janesferreiralopes
rovhaesilva,
luana.princ,luana.princ
lucimeire_de_sa_,lucimeire_de_sa_
alcionejoias,alcionejoias
assessorpaulomourajr,assessorpaulomourajr
mascarenhas_gessica,
fiammapricilla,
lojasmaryan,
vini.4519,
anapaulacosta144,anapaulacosta144
verilenepma,
joao_nilsonjn,joao_nilsonjn
unhas.luiza.carvalho,
anacarolinasilva212020,
leeaugusto2662,
mayllacoimbra,
sonianolascobuffet,
clickplanaltina,clickplanaltina
pref.crixasto,
suiannycoelhosantos,
jonatasnss,
mazimfernandesde,
nayane_santos.r,nayane_santos.r
psiingridyespindola,
joao_lucas.sr._10,
didicaseara,
asfaltostecnologicos,
vereadorjoatandejesus,vereadorjoatandejesus
jaimedobrazil,jaimedobrazil
claudya.barbosa_,
wilma.soares.5283,
eng.agronomo_fernando,
ricardoturismo35,
willnaassuncao,
rafaelabre7,rafaelabre7
polibvilanova,
chiquinhosoares2k,chiquinhosoares2k
evangelistapaulo611,
casearanoticias,casearanoticias
walsousasilva,walsousasilva
valderi_mt,
edsomgilmaroficial,edsomgilmaroficial
comurja_jalapao,
lucas.feitosaa,
thelio_pereira,
franks_ecological_world,
analugomesand,
pr_wemersonmiranda,pr_wemersonmiranda
divinopolisnograleoficial,
manoeldejesuspinheiroalves,
carlos.vinhadelli,
valoriza_shows,valoriza_shows
carlosmendescelestino,
barbaraleticia.cruz,
rancho_caiapo,rancho_caiapo
wyllsonamerico,
ricarte.lanches,
eduardosubmar,
rauerfiscal,
josisoares32123,
zinco.materiais,
brunowin_,
espaco_da_si,
thiagoazevedooficial,
najlamacedo,
_maycomalcantara,_maycomalcantara
adv.luizantonio,adv.luizantonio
joilton_dias,joilton_dias
ap.flaviobraga,
valquiria.matos.9480,
suzana_saraujo,
reuzasobrinho,
marusa7390,
regiscunhap,
wesleysantos1232022,
marleyrodriguess_,
alveshildineia,
brunno_barbber22,
anaritapereirabrito,
brunobrs10,
desa3512,
rone307,
institutoibgr.josiane,
antoniomaikalvescosta,
clebinhocaseara,clebinhocaseara
jbv.consorcio,jbv.consorcio
ox.grupo,
paroberto7891,
wagnasantos,wagnasantos
nand_arauj0,
mariojuniormarques,
jailtoncarlosdossantos,
rsimoesmontagensindustriais,
krizcoelho,
binhorodriguez_,binhorodriguez_
gamaroberval,
shandyrondiso,
prefriodosbois,
orlei_ribeiro,
marcosaquinoma,
paraiso_do_tenis_to,
instituto.idesp,
joseranormaciel,
pmw_tocantins_,
dionemiguelofc,
wk_katia_oliveiraa,wk_katia_oliveiraa
diihbb,
mirusesantos,
soaresfilhojoseraimundo,
crhys.adesivos,
wmproducoesofc,wmproducoesofc
vanessa_sena_nunes_rodrigues,vanessa_sena_nunes_rodrigues
vandavsi77,
batomnabocamake,
maurico_promocoes,
edso_n1868,
nayaraoliveirark,
aninha22dutra,
_martafernandess,
ademar.g.costa,ademar.g.costa
davisacer.faclube,davisacer.faclube
uaimarcinha,
alisaber610,
fabioalbino2003,
mangarosa_couros,
camaramunicipaldearaguacema,
alvesdeusvaldo,
fredericocarvalho_,
cris_linda2406,
rai_barbosa2,rai_barbosa2
juca_nos_o_trem_2025,
moraesdesouzaismael,
lairageovanaalves,
fabiojesse53,
camaradecaseara,
preto.cachoeirinha.to,preto.cachoeirinha.to
iire_404n,iire_404n
tais._nunes,tais._nunes
andressa_a3.8,andressa_a3.8
_dan.maia,
elyaraluz,
lucimaralima2006,
josivancavalcantearaujo,
rafael.ednasilva,rafael.ednasilva
carlos_f_araujo,carlos_f_araujo
rodriguesromarioxavier,
os_miozin_do_agro,
marquesadvocaciato,
ffc.futsalfemininocaseara,
hamilton_farias_farias,
to____invisivel,
heldertomaz,heldertomaz
indile.interiores,indile.interiores
fled_industria,
jackeline_almeidasilva,
gabriel_rs_2022,
temarambev,
toncomunicacaovisual,
jpgamerff99,
thatyanelopesdasilva,
elizangelamotacarvalho,
rp.transportes_,
welbermotacovolo,welbermotacovolo
imperio_do_pastel,
tauane_brito,
ateliedage10,
m.a.u.r.o_m.u.r.y.e.l,
bsl_locacoes,
onezaaraujodos,
paulo.roberto50552,
romarioramosda6,
creuza.pinto.376,
petianedapaixao,
g.rocha_santos,
ls_festas_e_decoracoes,
silvaniadiasvasconcelos,
aldemir2070,
celsosabino468,
ellevaestetic,
cidadestocantins,
wanderley_p,
debora.udi,
izequieljiniorfarias,
donicellassistencia,
brito_bonfim,
isaiaspiagem,
tocantins__shows,tocantins__shows
suelisoaresdias8,
aldericerodrigues109,
fernandatopvasos,fernandatopvasos
symgestao,
cravocanela_artesanatos,
sidneyhenrique95,
mandioca_pivas,
distribuidora_de_gascorrea,
goiasalerta.oficial,goiasalerta.oficial
edilsadiasmiranda,
helioneto_tavares,
ewertonlecinthia,
ambientallix.group,
8bpm_pmto,
paulapalmas,
brunnoleonardo07,
paraisoindance,
shekinahterapeutica,shekinahterapeutica
meleva.producoes,meleva.producoes
rodrigueskleriston,rodrigueskleriston
juceliaa_m,
roneudo,roneudo
mbm_climatizacao_,
friendsdesapego,
marciella_rodrigues,
alessandrasi2426,
cleonicepereiraluz6,
sararodrriguess,
brunoalvescomunicacao,brunoalvescomunicacao
atondistribuidora,
c.amigos25k,
karolinelima2023,
phellipe.ferreira.18,
regiscontabileemp,
priscillasouza.fernandes,
professor_orlando,
padraoresgate,padraoresgate
annebeathriz_b,
joelbrito3798,
andressa_almelinda,
convenienciaprimevilamandi,
mestre_jeguim,
darlene_dantass,
paraiso_tocatis,
redentogurupito,redentogurupito
lucintrafreire,
_gabriely__01,
ailtonteixeira,
fabyo______,
mariasantosilva,
gagodabaixa,
greensolucoes_,
pantanalpescato,pantanalpescato
heliohenriques.qualitytv,heliohenriques.qualitytv
alexsandrosulinhasulinha,
informaticapso2024,
martianerosamicropigmentadora,martianerosamicropigmentadora
celestino_rosangela66,
leandro_gas2016,
rid29er,
bsbhuboficial,bsbhuboficial
bugikaeventos,
kalleby_0632,
klebial,
hemillykristyan,
marcelo.santana.mk,
vezio_cunha,
seguretec_pso,
psomilgraunoticias,
santanavenceslencio,
luane_mds063,
rio_dos_bois_noticias,
helena.cosmeticos,helena.cosmeticos
dirceuparaisoto,
antoniofreitaspmw,
themakoymusic,
ookatecnologia,
fernanda_sousa063,
marlipereiradesouza86,
demoura_adriana,
genildopereiragama,
monteiroromantico,
autocenterreidooleo,
eliasalvesda215,
ridlavtaborda,
brancamariajulia.5585,
carlos17a.oliv,
werennamoura,
dra.neiamonteiro,dra.neiamonteiro
aurinete_16,
msclimatizacao.mauricio,
casteluciproducoes,
brasil_12346789,
messiasrural,
romariosantos453,
idelmanalmeida,
lmboutique_joias,lmboutique_joias
foqueemvoce_ig,
rosane.groghe,
karinespfc,
rosa.maria.202,
fabianosantana525,
kaylamari225,
valtuitepereiradossantos,
borgespublio,
renisluan,
pousadacantaompl,
predadoresteamfishing,predadoresteamfishing
martinsdilva,
grupo_opina_consigo,
tierrydrivekids,
luciiana.cilios,
robertabarbosac,robertabarbosac
folhavaledoaraguaia_,
klemer829,
s_do_santos,
renatosoares539,
mellcasmiro,mellcasmiro
daantasmike,
resultgestaosaude,resultgestaosaude
jpmix368,
jtechservicos,
goffirodrigo,goffirodrigo
maickelmeyer,maickelmeyer
julianymesquita,
ebxregularizacaodeimoveis,
anajuliasousaalmeida,
pqaibamatocantins,
miguelperes_1,
castroegoncalvesadv,
preguin999,
hailtonfsa,
cleonice3621,
hm_vidracaria_hemerson,
tairinesc,tairinesc
ildislene,
valkacialopes26,
bellafe_modacrista,
reposttudo_,
caio_aragao_cruz,
ancoraconstrucoes_,
mauro.c.soares,
zilmacarvalhosantos,
cursodecortinas,
elietemantez,
orquestrasanfonicagraciosa,
sandrateresa3593,
danielmarcos.costa,
adriano_santoss_1225,
guaracysilveira,guaracysilveira
renatosouzadeazevedo,
angelopapa,angelopapa
amarokv6_pmw,amarokv6_pmw
maiara_777_,
joaonery0,
nildagomesandrade,
sarinha.of78,
ediohano,
marciavianabertacco,
mileide_bastos,
ramiresdeoliveiraosorito,
yuki.kacuta,yuki.kacuta
terrafazendas.comm,
mari_aclaradiasdealmeida,
osbodesf,
hypervitao,
zenilda_56789,
suelisoaresdias5,
laylla149,
zitamaxx,
janaralustoza,
bemestarclinicaintegrada,
mauricio_fernandes99,mauricio_fernandes99
capacity_and_training,
escola.aristeu.camargo,
irajasenador,irajasenador
grupo_f8,
sist_modas,
rosangela_martins3,
distribuidora_nograu2021,
italopiscinas,
janislenesilvama,
jeanbrito142013,
cgov_licitacoes,
tonyerogeroficial,
pwlocacoesto,
daniellemoraissousa,
bren.darochac,
willian.clementino80,
fc6716568,
carlos_rm_da_silva,
ludmila_lhy,
tc_producoes_locutor_ofc,
wislyhenrique,
lelecavalcante1805,
vomilinda,
nita01678,
welton_moreira_coutinho,
elizangela_fonseca5,
kaliel.19,
esquadriadealtopadrao,esquadriadealtopadrao
dorivalbovo,
marcionypintosoares,
mari_cida273,
tocantins360.com.br,
ericarbrito2,
irlenedaianealves,
guizz3ra,
cleciolimma,
richardeamorimda,
cida_gomes_42,
dataconsultoriabsb,
semec_montesantoto,
brasilsatpso,brasilsatpso
wql.analises,
nadir_navarro,
dayanericardoschmidt,
amilton638,
coutomagalhaes.to,
dhenifertaliasilvasales,
pium_conexao,
lucas_vvidal,
joscianepereiradesousa,
ricle_bulhoes,
joseadrianode135,
clebinhocavalcante,
limadossantosd324,limadossantosd324
gilson.barbosa.7946281,
aldeiadailhaaraguaia,
forrozaonapegadadovaqueiro,forrozaonapegadadovaqueiro
sadyaaaa.barros,
carl.osantonio915,
raeltonmascarenhas,
mesquita.mesquita.376,
lleo_ttorres,
equipedeapoio.mc,
monica.2013.santos,
fanima127,
clebinho_cavalcante,
vidalbirdcloset,
ana_vitoria_silva2456,
bonnatu,
os_meninos_do_agro063,
josimar.96,
julimarfilhomenezess,julimarfilhomenezess
sainytrabach,
bebezinha__joana_106,
alves.danielaoliveira,
deivd_1229,
brunocesarpereiralima,brunocesarpereiralima
clube_aeroporto_f.c,
mariarosemeirealvesfe,
s.claraneves,
albertofilhoproducoes,
