data_post,texto_post,username_curtiu,nome_completo_curtiu,verificado,url_foto_perfil,status_relacao
2025-09-01T21:41:04.000Z,,luanalbrito_,luanalbrito_,False,https://instagram.fpmw7-1.fna.fbcdn.net/v/t51.2885-19/437116516_1812097049259249_9184493227300199560_n.jpg?stp=dst-jpg_s150x150_tt6&efg=eyJ2ZW5jb2RlX3RhZyI6InByb2ZpbGVfcGljLmRqYW5nby45NzYuYzIifQ&_nc_ht=instagram.fpmw7-1.fna.fbcdn.net&_nc_cat=109&_nc_oc=Q6cZ2QHfCKLm8di0H3DrkaHFaqRPsnEGUmmDfrdoR_0FD5kBG9CWpcLAKhzmP1YxtTQq6t0&_nc_ohc=dZZBHHi4AGsQ7kNvwFsYXkB&_nc_gid=VQIk2TKba1VYEWpKUr3s4w&edm=ABDp2nEBAAAA&ccb=7-5&oh=00_AfaBULvIP52htU7Yq8287SPOgkKgq64gz_5ID1n9hb3sUQ&oe=68BF6841&_nc_sid=ae056e,Seguir
2025-09-01T21:41:04.000Z,,samyyvic,samyyvic,False,https://instagram.fpmw7-1.fna.fbcdn.net/v/t51.2885-19/517404476_17973298613911138_593100172478800171_n.jpg?stp=dst-jpg_s150x150_tt6&efg=eyJ2ZW5jb2RlX3RhZyI6InByb2ZpbGVfcGljLmRqYW5nby4xMDgwLmMyIn0&_nc_ht=instagram.fpmw7-1.fna.fbcdn.net&_nc_cat=110&_nc_oc=Q6cZ2QHfCKLm8di0H3DrkaHFaqRPsnEGUmmDfrdoR_0FD5kBG9CWpcLAKhzmP1YxtTQq6t0&_nc_ohc=DO1TVhDOhFQQ7kNvwG_ymXZ&_nc_gid=VQIk2TKba1VYEWpKUr3s4w&edm=ABDp2nEBAAAA&ccb=7-5&oh=00_AfYXc2tyu2_rNYWO0LN4sF_5F01T9LOW8en1nI-esmfMGw&oe=68BF3881&_nc_sid=ae056e,Seguir
2025-09-01T21:41:04.000Z,,douglas_a_m,douglas_a_m,False,https://instagram.fpmw7-1.fna.fbcdn.net/v/t51.2885-19/467551266_1494201764607177_18218718459554387_n.jpg?stp=dst-jpg_s150x150_tt6&efg=eyJ2ZW5jb2RlX3RhZyI6InByb2ZpbGVfcGljLmRqYW5nby4xMDgwLmMyIn0&_nc_ht=instagram.fpmw7-1.fna.fbcdn.net&_nc_cat=109&_nc_oc=Q6cZ2QHfCKLm8di0H3DrkaHFaqRPsnEGUmmDfrdoR_0FD5kBG9CWpcLAKhzmP1YxtTQq6t0&_nc_ohc=inOOvvFIdxYQ7kNvwHWV-bE&_nc_gid=VQIk2TKba1VYEWpKUr3s4w&edm=ABDp2nEBAAAA&ccb=7-5&oh=00_AfZPIlyVbCJj27kEke9HKnQBcD0XIgSHgOsFd4p9WMOr-Q&oe=68BF3FB9&_nc_sid=ae056e,Seguir
2025-09-01T21:41:04.000Z,,amandfilha,amandfilha,False,https://instagram.fpmw7-1.fna.fbcdn.net/v/t51.2885-19/519494572_18292660828247373_8733342902863984566_n.jpg?stp=dst-jpg_s150x150_tt6&efg=eyJ2ZW5jb2RlX3RhZyI6InByb2ZpbGVfcGljLmRqYW5nby4xMDgwLmMyIn0&_nc_ht=instagram.fpmw7-1.fna.fbcdn.net&_nc_cat=109&_nc_oc=Q6cZ2QHfCKLm8di0H3DrkaHFaqRPsnEGUmmDfrdoR_0FD5kBG9CWpcLAKhzmP1YxtTQq6t0&_nc_ohc=n2Mp5NV3FIwQ7kNvwFYy8SO&_nc_gid=VQIk2TKba1VYEWpKUr3s4w&edm=ABDp2nEBAAAA&ccb=7-5&oh=00_Afbbc_zNW_lTvt8NiDg0nCJKhLhiOfKIuC_GzqWzLfVWFw&oe=68BF3EAE&_nc_sid=ae056e,Seguir
2025-09-01T21:41:04.000Z,,sabrina.sousaf_,sabrina.sousaf_,False,https://instagram.fpmw7-1.fna.fbcdn.net/v/t51.2885-19/498678509_18287463151270805_4845192482671224681_n.jpg?stp=dst-jpg_s150x150_tt6&efg=eyJ2ZW5jb2RlX3RhZyI6InByb2ZpbGVfcGljLmRqYW5nby4xMDgwLmMyIn0&_nc_ht=instagram.fpmw7-1.fna.fbcdn.net&_nc_cat=105&_nc_oc=Q6cZ2QHfCKLm8di0H3DrkaHFaqRPsnEGUmmDfrdoR_0FD5kBG9CWpcLAKhzmP1YxtTQq6t0&_nc_ohc=LLoVjOUm7FQQ7kNvwFIvgg7&_nc_gid=VQIk2TKba1VYEWpKUr3s4w&edm=ABDp2nEBAAAA&ccb=7-5&oh=00_AfYJ8qlBhuH4-kj_dUyOn-b2yQlP79cpgcv0sRF_h_vP_w&oe=68BF522B&_nc_sid=ae056e,Seguir
2025-09-01T21:41:04.000Z,,gabriellascq,gabriellascq,False,https://instagram.fpmw7-1.fna.fbcdn.net/v/t51.2885-19/539838588_18235359208292004_1697507088341288814_n.jpg?stp=dst-jpg_s150x150_tt6&efg=eyJ2ZW5jb2RlX3RhZyI6InByb2ZpbGVfcGljLmRqYW5nby4xMDgwLmMyIn0&_nc_ht=instagram.fpmw7-1.fna.fbcdn.net&_nc_cat=100&_nc_oc=Q6cZ2QHfCKLm8di0H3DrkaHFaqRPsnEGUmmDfrdoR_0FD5kBG9CWpcLAKhzmP1YxtTQq6t0&_nc_ohc=IL-EgWbkTfUQ7kNvwGDIfTK&_nc_gid=VQIk2TKba1VYEWpKUr3s4w&edm=ABDp2nEBAAAA&ccb=7-5&oh=00_AfYyiLUb3BUV5J7NPbWM__mY3ghGaBQK60cVsrdHre0HRw&oe=68BF4437&_nc_sid=ae056e,Seguir
2025-09-01T21:41:04.000Z,,lubia.siqueira,lubia.siqueira,False,https://instagram.fpmw7-1.fna.fbcdn.net/v/t51.2885-19/490361485_655306847370207_1745090830208409742_n.jpg?stp=dst-jpg_s150x150_tt6&efg=eyJ2ZW5jb2RlX3RhZyI6InByb2ZpbGVfcGljLmRqYW5nby4xMDgwLmMyIn0&_nc_ht=instagram.fpmw7-1.fna.fbcdn.net&_nc_cat=103&_nc_oc=Q6cZ2QHfCKLm8di0H3DrkaHFaqRPsnEGUmmDfrdoR_0FD5kBG9CWpcLAKhzmP1YxtTQq6t0&_nc_ohc=NZwmM1BaH-wQ7kNvwGt9vxA&_nc_gid=VQIk2TKba1VYEWpKUr3s4w&edm=ABDp2nEBAAAA&ccb=7-5&oh=00_AfaQvGP0igD8ohsrxsfiF7mWz5UP4LYxfGx67BFTa5gJVw&oe=68BF6807&_nc_sid=ae056e,Seguir
2025-09-01T21:41:04.000Z,,lamps.afya,lamps.afya,False,https://instagram.fpmw7-1.fna.fbcdn.net/v/t51.2885-19/386900587_3665358647044903_7385148689559369517_n.jpg?stp=dst-jpg_s150x150_tt6&efg=eyJ2ZW5jb2RlX3RhZyI6InByb2ZpbGVfcGljLmRqYW5nby42NzIuYzIifQ&_nc_ht=instagram.fpmw7-1.fna.fbcdn.net&_nc_cat=107&_nc_oc=Q6cZ2QHfCKLm8di0H3DrkaHFaqRPsnEGUmmDfrdoR_0FD5kBG9CWpcLAKhzmP1YxtTQq6t0&_nc_ohc=51oHagi7rEoQ7kNvwHRvT9P&_nc_gid=VQIk2TKba1VYEWpKUr3s4w&edm=ABDp2nEBAAAA&ccb=7-5&oh=00_AfZ7CX_GJEOonUL6Buhon5Ai9EfIifU1n8Vim5CpwRQLWg&oe=68BF473B&_nc_sid=ae056e,Seguir
2025-09-01T21:41:04.000Z,,fonoaudiologia_unitop,fonoaudiologia_unitop,False,https://instagram.fpmw7-1.fna.fbcdn.net/v/t51.2885-19/295266192_1340984286433569_5166578396350507392_n.jpg?stp=dst-jpg_s150x150_tt6&efg=eyJ2ZW5jb2RlX3RhZyI6InByb2ZpbGVfcGljLmRqYW5nby4xMDU0LmMyIn0&_nc_ht=instagram.fpmw7-1.fna.fbcdn.net&_nc_cat=109&_nc_oc=Q6cZ2QHfCKLm8di0H3DrkaHFaqRPsnEGUmmDfrdoR_0FD5kBG9CWpcLAKhzmP1YxtTQq6t0&_nc_ohc=wc8eJ_KwuMYQ7kNvwGsteSW&_nc_gid=VQIk2TKba1VYEWpKUr3s4w&edm=ABDp2nEBAAAA&ccb=7-5&oh=00_AfYDcgo9LwBaQMoWpkGfV1AmkyJUTRtGqmBndD5-xGGNhg&oe=68BF53F7&_nc_sid=ae056e,Seguir
2025-09-01T21:41:04.000Z,,lageagnes,lageagnes,False,https://instagram.fpmw7-1.fna.fbcdn.net/v/t51.2885-19/461742653_546840894997066_8031348502183934887_n.jpg?stp=dst-jpg_s150x150_tt6&efg=eyJ2ZW5jb2RlX3RhZyI6InByb2ZpbGVfcGljLmRqYW5nby4xMDgwLmMyIn0&_nc_ht=instagram.fpmw7-1.fna.fbcdn.net&_nc_cat=110&_nc_oc=Q6cZ2QHfCKLm8di0H3DrkaHFaqRPsnEGUmmDfrdoR_0FD5kBG9CWpcLAKhzmP1YxtTQq6t0&_nc_ohc=JfjnufuaAGUQ7kNvwGSEb0y&_nc_gid=VQIk2TKba1VYEWpKUr3s4w&edm=ABDp2nEBAAAA&ccb=7-5&oh=00_Afatv5ecZZyA-5LAY6gDcZEd798yVUdrH9I5qbITnVHQBA&oe=68BF3AA4&_nc_sid=ae056e,Seguir
2025-09-01T19:51:54.000Z,,sarabvaz,sarabvaz,False,https://instagram.fpmw7-1.fna.fbcdn.net/v/t51.2885-19/410871788_889634569205060_455143677035204846_n.jpg?stp=dst-jpg_s150x150_tt6&efg=eyJ2ZW5jb2RlX3RhZyI6InByb2ZpbGVfcGljLmRqYW5nby4xMDgwLmMyIn0&_nc_ht=instagram.fpmw7-1.fna.fbcdn.net&_nc_cat=108&_nc_oc=Q6cZ2QHDcNdJtIMnPloR7bBgQAGOOarAb7n8fqKeH8tKY-pzmNTgXswJd3xDizttGLAtkkg&_nc_ohc=YD-KjA-6E54Q7kNvwFqdhFU&_nc_gid=vRVkUry_So4tWSfcem3Rzg&edm=ABDp2nEBAAAA&ccb=7-5&oh=00_AfbgJpzJLnttNb7HwbiRpKqqfmYAc50BV3KHDXBcXw8OfQ&oe=68BF3AEB&_nc_sid=ae056e,Seguir
2025-09-01T19:51:54.000Z,,ericocribeiro,ericocribeiro,False,https://instagram.fpmw7-1.fna.fbcdn.net/v/t51.2885-19/466510128_1109934467240621_6828271316384052136_n.jpg?stp=dst-jpg_s150x150_tt6&efg=eyJ2ZW5jb2RlX3RhZyI6InByb2ZpbGVfcGljLmRqYW5nby4xMDgwLmMyIn0&_nc_ht=instagram.fpmw7-1.fna.fbcdn.net&_nc_cat=105&_nc_oc=Q6cZ2QHDcNdJtIMnPloR7bBgQAGOOarAb7n8fqKeH8tKY-pzmNTgXswJd3xDizttGLAtkkg&_nc_ohc=7oNKnUB2Nt0Q7kNvwGxxI_n&_nc_gid=vRVkUry_So4tWSfcem3Rzg&edm=ABDp2nEBAAAA&ccb=7-5&oh=00_AfbEzw7m_bCUcZQj5zW-S47WPdXtJen8EU0q5LAXP1hrNQ&oe=68BF3819&_nc_sid=ae056e,Seguir
2025-09-01T19:51:54.000Z,,amandfilha,amandfilha,False,https://instagram.fpmw7-1.fna.fbcdn.net/v/t51.2885-19/519494572_18292660828247373_8733342902863984566_n.jpg?stp=dst-jpg_s150x150_tt6&efg=eyJ2ZW5jb2RlX3RhZyI6InByb2ZpbGVfcGljLmRqYW5nby4xMDgwLmMyIn0&_nc_ht=instagram.fpmw7-1.fna.fbcdn.net&_nc_cat=109&_nc_oc=Q6cZ2QHDcNdJtIMnPloR7bBgQAGOOarAb7n8fqKeH8tKY-pzmNTgXswJd3xDizttGLAtkkg&_nc_ohc=n2Mp5NV3FIwQ7kNvwFYy8SO&_nc_gid=vRVkUry_So4tWSfcem3Rzg&edm=ABDp2nEBAAAA&ccb=7-5&oh=00_AfZmx3rgHvq8oAbXeLdJtasvE0s1nfIEfGr2Rzn7DN-7VA&oe=68BF3EAE&_nc_sid=ae056e,Seguir
2025-09-01T19:51:54.000Z,,leuriara,leuriara,False,https://instagram.fpmw7-1.fna.fbcdn.net/v/t51.2885-19/419019345_399273185870588_1489121363738789953_n.jpg?stp=dst-jpg_s150x150_tt6&efg=eyJ2ZW5jb2RlX3RhZyI6InByb2ZpbGVfcGljLmRqYW5nby4xMDgwLmMyIn0&_nc_ht=instagram.fpmw7-1.fna.fbcdn.net&_nc_cat=108&_nc_oc=Q6cZ2QHDcNdJtIMnPloR7bBgQAGOOarAb7n8fqKeH8tKY-pzmNTgXswJd3xDizttGLAtkkg&_nc_ohc=I9f3_21gjwAQ7kNvwEvwA8G&_nc_gid=vRVkUry_So4tWSfcem3Rzg&edm=ABDp2nEBAAAA&ccb=7-5&oh=00_AfbpEnFPS6PtcOxuHGgNdHQ7YFNJUcRoQRSvJbWB5SEunA&oe=68BF5837&_nc_sid=ae056e,Seguir
2025-09-01T19:51:54.000Z,,lucianacolar,lucianacolar,False,https://instagram.fpmw7-1.fna.fbcdn.net/v/t51.2885-19/173063718_2635540086745791_750695123720497615_n.jpg?stp=dst-jpg_s150x150_tt6&efg=eyJ2ZW5jb2RlX3RhZyI6InByb2ZpbGVfcGljLmRqYW5nby45NTguYzIifQ&_nc_ht=instagram.fpmw7-1.fna.fbcdn.net&_nc_cat=103&_nc_oc=Q6cZ2QHDcNdJtIMnPloR7bBgQAGOOarAb7n8fqKeH8tKY-pzmNTgXswJd3xDizttGLAtkkg&_nc_ohc=CVuoG6x2yQAQ7kNvwF2IjV9&_nc_gid=vRVkUry_So4tWSfcem3Rzg&edm=ABDp2nEBAAAA&ccb=7-5&oh=00_AfaoO7q8chaFXE9V78HYrW-GUEF08wdvUQWlr1YIoZWTDQ&oe=68BF5FC6&_nc_sid=ae056e,Seguir
2025-09-01T19:51:54.000Z,,nathzmagalhaes,nathzmagalhaes,False,https://instagram.fpmw7-1.fna.fbcdn.net/v/t51.2885-19/518690194_18035370488668849_3585957303963990777_n.jpg?stp=dst-jpg_s150x150_tt6&efg=eyJ2ZW5jb2RlX3RhZyI6InByb2ZpbGVfcGljLmRqYW5nby4xMDgwLmMyIn0&_nc_ht=instagram.fpmw7-1.fna.fbcdn.net&_nc_cat=101&_nc_oc=Q6cZ2QHDcNdJtIMnPloR7bBgQAGOOarAb7n8fqKeH8tKY-pzmNTgXswJd3xDizttGLAtkkg&_nc_ohc=MOQtEQ7sULMQ7kNvwF0Pxz2&_nc_gid=vRVkUry_So4tWSfcem3Rzg&edm=ABDp2nEBAAAA&ccb=7-5&oh=00_AfY_5xB5qrzqV4_6IsRexTg2VbO4HQ3XstWq2Q4LxxlRLg&oe=68BF5036&_nc_sid=ae056e,Seguir
2025-09-01T19:51:54.000Z,,mariajuliav,mariajuliav,False,https://instagram.fpmw7-1.fna.fbcdn.net/v/t51.2885-19/532544310_18395112547143952_8098651136406593768_n.jpg?stp=dst-jpg_s150x150_tt6&efg=eyJ2ZW5jb2RlX3RhZyI6InByb2ZpbGVfcGljLmRqYW5nby4xMDgwLmMyIn0&_nc_ht=instagram.fpmw7-1.fna.fbcdn.net&_nc_cat=104&_nc_oc=Q6cZ2QHDcNdJtIMnPloR7bBgQAGOOarAb7n8fqKeH8tKY-pzmNTgXswJd3xDizttGLAtkkg&_nc_ohc=A-4KLLBmhvEQ7kNvwENxj3A&_nc_gid=vRVkUry_So4tWSfcem3Rzg&edm=ABDp2nEBAAAA&ccb=7-5&oh=00_AfZk3ShvzWCghbFKncV4epxn5JsFWMpLqo6nTVSvQiwzrw&oe=68BF4C6E&_nc_sid=ae056e,Seguir
2025-09-01T19:51:54.000Z,,roberta_lopes_da_costa,roberta_lopes_da_costa,False,https://instagram.fpmw7-1.fna.fbcdn.net/v/t51.2885-19/495094081_17922854226078932_5540279159677476871_n.jpg?stp=dst-jpg_s150x150_tt6&efg=eyJ2ZW5jb2RlX3RhZyI6InByb2ZpbGVfcGljLmRqYW5nby4xMDgwLmMyIn0&_nc_ht=instagram.fpmw7-1.fna.fbcdn.net&_nc_cat=108&_nc_oc=Q6cZ2QHDcNdJtIMnPloR7bBgQAGOOarAb7n8fqKeH8tKY-pzmNTgXswJd3xDizttGLAtkkg&_nc_ohc=w5UcrPzTEi4Q7kNvwGstKkd&_nc_gid=vRVkUry_So4tWSfcem3Rzg&edm=ABDp2nEBAAAA&ccb=7-5&oh=00_Afb8K5U2etzUD3jULCmMnCLoeSH40_8r6E8zirkvwXiikQ&oe=68BF479B&_nc_sid=ae056e,Seguir
2025-09-01T19:51:54.000Z,,karinnyss,karinnyss,False,https://instagram.fpmw7-1.fna.fbcdn.net/v/t51.2885-19/418347987_674899391477091_9154912469108849983_n.jpg?stp=dst-jpg_s150x150_tt6&efg=eyJ2ZW5jb2RlX3RhZyI6InByb2ZpbGVfcGljLmRqYW5nby4xMDc5LmMyIn0&_nc_ht=instagram.fpmw7-1.fna.fbcdn.net&_nc_cat=103&_nc_oc=Q6cZ2QHDcNdJtIMnPloR7bBgQAGOOarAb7n8fqKeH8tKY-pzmNTgXswJd3xDizttGLAtkkg&_nc_ohc=Y__-v4IkE7MQ7kNvwEiwL-0&_nc_gid=vRVkUry_So4tWSfcem3Rzg&edm=ABDp2nEBAAAA&ccb=7-5&oh=00_AfbTROmFDETqB5pUvuKzQ0LfQmNDXK8ikX1C-86opdOoIQ&oe=68BF3F06&_nc_sid=ae056e,Seguir
2025-09-01T19:51:54.000Z,,silvestrecarlafernanda,silvestrecarlafernanda,False,https://instagram.fpmw7-1.fna.fbcdn.net/v/t51.2885-19/403812598_198295639985633_44135303208591780_n.jpg?stp=dst-jpg_s150x150_tt6&efg=eyJ2ZW5jb2RlX3RhZyI6InByb2ZpbGVfcGljLmRqYW5nby4xMDY4LmMyIn0&_nc_ht=instagram.fpmw7-1.fna.fbcdn.net&_nc_cat=105&_nc_oc=Q6cZ2QHDcNdJtIMnPloR7bBgQAGOOarAb7n8fqKeH8tKY-pzmNTgXswJd3xDizttGLAtkkg&_nc_ohc=lLFqeDEISqkQ7kNvwFFU_NS&_nc_gid=vRVkUry_So4tWSfcem3Rzg&edm=ABDp2nEBAAAA&ccb=7-5&oh=00_AfZU_BPR9ZtXjtlMqdSakU-iX4_SD2SBXZqYz8Sq7LXyFg&oe=68BF5695&_nc_sid=ae056e,Seguir
2025-09-02T11:10:07.000Z,,simone_gsgs,simone_gsgs,False,https://instagram.fpmw7-1.fna.fbcdn.net/v/t51.2885-19/338600741_732503678420680_2139252652282555240_n.jpg?stp=dst-jpg_s150x150_tt6&efg=eyJ2ZW5jb2RlX3RhZyI6InByb2ZpbGVfcGljLmRqYW5nby4xMDgwLmMyIn0&_nc_ht=instagram.fpmw7-1.fna.fbcdn.net&_nc_cat=104&_nc_oc=Q6cZ2QGxT-HNjSG0NaTkdT04J_kCVzPRFbt5zxRU7L52t4CV145WOmhiyVj0rswRhA64Q_I&_nc_ohc=AB9Cvm9WI5MQ7kNvwFvTHMn&_nc_gid=WfHzDdnQ-Ao07Muw22p4Tg&edm=ABDp2nEBAAAA&ccb=7-5&oh=00_AfYBPZOtkchAcz73uBac7TqBiwitMjcn9EKw0I63Uy7lbg&oe=68BF55C4&_nc_sid=ae056e,Seguir
2025-09-02T11:10:07.000Z,,antunesalessandrog,antunesalessandrog,False,https://instagram.fpmw7-1.fna.fbcdn.net/v/t51.2885-19/511440008_17851719192473666_8236879691639272529_n.jpg?stp=dst-jpg_s150x150_tt6&efg=eyJ2ZW5jb2RlX3RhZyI6InByb2ZpbGVfcGljLmRqYW5nby4xMDgwLmMyIn0&_nc_ht=instagram.fpmw7-1.fna.fbcdn.net&_nc_cat=102&_nc_oc=Q6cZ2QGxT-HNjSG0NaTkdT04J_kCVzPRFbt5zxRU7L52t4CV145WOmhiyVj0rswRhA64Q_I&_nc_ohc=vUzLebFsLHEQ7kNvwE0AT2W&_nc_gid=WfHzDdnQ-Ao07Muw22p4Tg&edm=ABDp2nEBAAAA&ccb=7-5&oh=00_AfajIjsdYmjvL7RQqJSKpQmUP6B3O1I_O2q3v0UmrAR3SA&oe=68BF4CAF&_nc_sid=ae056e,Seguir
2025-09-02T11:10:07.000Z,,_marialuisaamaral,_marialuisaamaral,False,https://instagram.fpmw7-1.fna.fbcdn.net/v/t51.2885-19/538954566_18363212131155393_7310463861284259498_n.jpg?stp=dst-jpg_s150x150_tt6&efg=eyJ2ZW5jb2RlX3RhZyI6InByb2ZpbGVfcGljLmRqYW5nby45NzAuYzIifQ&_nc_ht=instagram.fpmw7-1.fna.fbcdn.net&_nc_cat=109&_nc_oc=Q6cZ2QGxT-HNjSG0NaTkdT04J_kCVzPRFbt5zxRU7L52t4CV145WOmhiyVj0rswRhA64Q_I&_nc_ohc=3b0ZeK031kEQ7kNvwHv7naH&_nc_gid=WfHzDdnQ-Ao07Muw22p4Tg&edm=ABDp2nEBAAAA&ccb=7-5&oh=00_AfaoQ8ihuCDY9NcIDt8F2O3wubCEfU48YNaYvb2l18RSlg&oe=68BF6F81&_nc_sid=ae056e,Seguir
2025-09-02T11:10:07.000Z,,ericocribeiro,ericocribeiro,False,https://instagram.fpmw7-1.fna.fbcdn.net/v/t51.2885-19/466510128_1109934467240621_6828271316384052136_n.jpg?stp=dst-jpg_s150x150_tt6&efg=eyJ2ZW5jb2RlX3RhZyI6InByb2ZpbGVfcGljLmRqYW5nby4xMDgwLmMyIn0&_nc_ht=instagram.fpmw7-1.fna.fbcdn.net&_nc_cat=105&_nc_oc=Q6cZ2QGxT-HNjSG0NaTkdT04J_kCVzPRFbt5zxRU7L52t4CV145WOmhiyVj0rswRhA64Q_I&_nc_ohc=7oNKnUB2Nt0Q7kNvwGxxI_n&_nc_gid=WfHzDdnQ-Ao07Muw22p4Tg&edm=ABDp2nEBAAAA&ccb=7-5&oh=00_Afagob9zu9qHdBM2x2cCVwvLlN9bhxp7bdUXH7KkoMNYUg&oe=68BF3819&_nc_sid=ae056e,Seguir
2025-09-02T11:10:07.000Z,,leuriara,leuriara,False,https://instagram.fpmw7-1.fna.fbcdn.net/v/t51.2885-19/419019345_399273185870588_1489121363738789953_n.jpg?stp=dst-jpg_s150x150_tt6&efg=eyJ2ZW5jb2RlX3RhZyI6InByb2ZpbGVfcGljLmRqYW5nby4xMDgwLmMyIn0&_nc_ht=instagram.fpmw7-1.fna.fbcdn.net&_nc_cat=108&_nc_oc=Q6cZ2QGxT-HNjSG0NaTkdT04J_kCVzPRFbt5zxRU7L52t4CV145WOmhiyVj0rswRhA64Q_I&_nc_ohc=I9f3_21gjwAQ7kNvwEvwA8G&_nc_gid=WfHzDdnQ-Ao07Muw22p4Tg&edm=ABDp2nEBAAAA&ccb=7-5&oh=00_AfZ9pHmqxCUR87-N4DCviXfhFWRbv_I9hJ6_hnE__0C2ZQ&oe=68BF5837&_nc_sid=ae056e,Seguir
2025-09-02T11:10:07.000Z,,naylla_fernandesx,naylla_fernandesx,False,https://instagram.fpmw7-1.fna.fbcdn.net/v/t51.2885-19/451613791_361444390388075_4207077853765406672_n.jpg?stp=dst-jpg_s150x150_tt6&efg=eyJ2ZW5jb2RlX3RhZyI6InByb2ZpbGVfcGljLmRqYW5nby4xMDgwLmMyIn0&_nc_ht=instagram.fpmw7-1.fna.fbcdn.net&_nc_cat=111&_nc_oc=Q6cZ2QGxT-HNjSG0NaTkdT04J_kCVzPRFbt5zxRU7L52t4CV145WOmhiyVj0rswRhA64Q_I&_nc_ohc=MsUKFTVkMucQ7kNvwEDO1mo&_nc_gid=WfHzDdnQ-Ao07Muw22p4Tg&edm=ABDp2nEBAAAA&ccb=7-5&oh=00_Afb2LY7Df33TTKI-dmGwdib_m20h8HHl7V5_-Ysu_f7fkg&oe=68BF3860&_nc_sid=ae056e,Seguir
2025-09-02T11:10:07.000Z,,karinnyss,karinnyss,False,https://instagram.fpmw7-1.fna.fbcdn.net/v/t51.2885-19/418347987_674899391477091_9154912469108849983_n.jpg?stp=dst-jpg_s150x150_tt6&efg=eyJ2ZW5jb2RlX3RhZyI6InByb2ZpbGVfcGljLmRqYW5nby4xMDc5LmMyIn0&_nc_ht=instagram.fpmw7-1.fna.fbcdn.net&_nc_cat=103&_nc_oc=Q6cZ2QGxT-HNjSG0NaTkdT04J_kCVzPRFbt5zxRU7L52t4CV145WOmhiyVj0rswRhA64Q_I&_nc_ohc=Y__-v4IkE7MQ7kNvwEiwL-0&_nc_gid=WfHzDdnQ-Ao07Muw22p4Tg&edm=ABDp2nEBAAAA&ccb=7-5&oh=00_AfZ5LjKJSlkjrqNn82q05x7BFOKmH6VmFGMAFcaq69yz4A&oe=68BF3F06&_nc_sid=ae056e,Seguir
2025-09-02T11:10:07.000Z,,maju.floren,maju.floren,False,https://instagram.fpmw7-1.fna.fbcdn.net/v/t51.2885-19/488613198_1682714475967880_444941133540268688_n.jpg?stp=dst-jpg_s150x150_tt6&efg=eyJ2ZW5jb2RlX3RhZyI6InByb2ZpbGVfcGljLmRqYW5nby43MDcuYzIifQ&_nc_ht=instagram.fpmw7-1.fna.fbcdn.net&_nc_cat=108&_nc_oc=Q6cZ2QGxT-HNjSG0NaTkdT04J_kCVzPRFbt5zxRU7L52t4CV145WOmhiyVj0rswRhA64Q_I&_nc_ohc=wLOgOevSclwQ7kNvwHMoXso&_nc_gid=WfHzDdnQ-Ao07Muw22p4Tg&edm=ABDp2nEBAAAA&ccb=7-5&oh=00_AfY6q1Xb9Ei44sNZuGb9-McDhczc_z_l1Tf5E0uYqA2CHg&oe=68BF50C5&_nc_sid=ae056e,Seguir
2025-09-02T11:10:07.000Z,,joaopedro_ramiro,joaopedro_ramiro,False,https://instagram.fpmw7-1.fna.fbcdn.net/v/t51.2885-19/499974389_18067735502294848_8335113891975939328_n.jpg?stp=dst-jpg_s150x150_tt6&efg=eyJ2ZW5jb2RlX3RhZyI6InByb2ZpbGVfcGljLmRqYW5nby4xMDgwLmMyIn0&_nc_ht=instagram.fpmw7-1.fna.fbcdn.net&_nc_cat=104&_nc_oc=Q6cZ2QGxT-HNjSG0NaTkdT04J_kCVzPRFbt5zxRU7L52t4CV145WOmhiyVj0rswRhA64Q_I&_nc_ohc=xDsOWdqly8UQ7kNvwHnGtYD&_nc_gid=WfHzDdnQ-Ao07Muw22p4Tg&edm=ABDp2nEBAAAA&ccb=7-5&oh=00_AfZri6M0jG7WkDbKzMUo3YfYCAVn8HduDn2E5DktxKyhXA&oe=68BF6F09&_nc_sid=ae056e,Seguir
2025-09-01T18:11:17.000Z,,mariaa_soyza,mariaa_soyza,False,https://instagram.fpmw7-1.fna.fbcdn.net/v/t51.2885-19/517959843_18072265843953894_3117892327853510785_n.jpg?stp=dst-jpg_s150x150_tt6&efg=eyJ2ZW5jb2RlX3RhZyI6InByb2ZpbGVfcGljLmRqYW5nby4xMDgwLmMyIn0&_nc_ht=instagram.fpmw7-1.fna.fbcdn.net&_nc_cat=106&_nc_oc=Q6cZ2QGV_fYAwZdjY443s1gnApCHi8-mlDAOIhNmIETw4fkfyYCaR40bDgnb-Y8m-B-kLZ8&_nc_ohc=p6cNOAIeGLEQ7kNvwFnCCLs&_nc_gid=yX3Ssu0LK-5jrM8Z3qHp1A&edm=ABDp2nEBAAAA&ccb=7-5&oh=00_Afak5ln2g2LSPqThSoxy0yeOWbsFz_jMjcmnI3K2WiWSBg&oe=68BF5E41&_nc_sid=ae056e,Seguir
2025-09-01T18:11:17.000Z,,martintaiitijorge,martintaiitijorge,False,https://instagram.fpmw7-1.fna.fbcdn.net/v/t51.2885-19/448913097_982865673239720_4450891281635486825_n.jpg?stp=dst-jpg_s150x150_tt6&efg=eyJ2ZW5jb2RlX3RhZyI6InByb2ZpbGVfcGljLmRqYW5nby45NjAuYzIifQ&_nc_ht=instagram.fpmw7-1.fna.fbcdn.net&_nc_cat=108&_nc_oc=Q6cZ2QGV_fYAwZdjY443s1gnApCHi8-mlDAOIhNmIETw4fkfyYCaR40bDgnb-Y8m-B-kLZ8&_nc_ohc=4exzcrOGPHcQ7kNvwE5-mB9&_nc_gid=yX3Ssu0LK-5jrM8Z3qHp1A&edm=ABDp2nEBAAAA&ccb=7-5&oh=00_Afb5RXHgFA8rVaVdTY2TSU7qaMPHzX-QJB8pfy63KZ83hg&oe=68BF5CE8&_nc_sid=ae056e,Seguir
2025-09-01T18:11:17.000Z,,gabriel.cmyk,gabriel.cmyk,False,https://instagram.fpmw7-1.fna.fbcdn.net/v/t51.2885-19/502194017_18065869358484843_1714706163285406890_n.jpg?stp=dst-jpg_s150x150_tt6&efg=eyJ2ZW5jb2RlX3RhZyI6InByb2ZpbGVfcGljLmRqYW5nby4xMDgwLmMyIn0&_nc_ht=instagram.fpmw7-1.fna.fbcdn.net&_nc_cat=103&_nc_oc=Q6cZ2QGV_fYAwZdjY443s1gnApCHi8-mlDAOIhNmIETw4fkfyYCaR40bDgnb-Y8m-B-kLZ8&_nc_ohc=5jAZpGcKHVEQ7kNvwHy3HOw&_nc_gid=yX3Ssu0LK-5jrM8Z3qHp1A&edm=ABDp2nEBAAAA&ccb=7-5&oh=00_AfZqSya13qTgqjf0SKGxN8WhNqs19RTcm9ssJsSR1bvXmQ&oe=68BF4489&_nc_sid=ae056e,Seguir
2025-09-01T18:11:17.000Z,,ericocribeiro,ericocribeiro,False,https://instagram.fpmw7-1.fna.fbcdn.net/v/t51.2885-19/466510128_1109934467240621_6828271316384052136_n.jpg?stp=dst-jpg_s150x150_tt6&efg=eyJ2ZW5jb2RlX3RhZyI6InByb2ZpbGVfcGljLmRqYW5nby4xMDgwLmMyIn0&_nc_ht=instagram.fpmw7-1.fna.fbcdn.net&_nc_cat=105&_nc_oc=Q6cZ2QGV_fYAwZdjY443s1gnApCHi8-mlDAOIhNmIETw4fkfyYCaR40bDgnb-Y8m-B-kLZ8&_nc_ohc=7oNKnUB2Nt0Q7kNvwGxxI_n&_nc_gid=yX3Ssu0LK-5jrM8Z3qHp1A&edm=ABDp2nEBAAAA&ccb=7-5&oh=00_AfZnnAvdJrig2E9nuY82vq3-mwmu5BE0rbO_de29bR4r7Q&oe=68BF3819&_nc_sid=ae056e,Seguir
2025-09-01T18:11:17.000Z,,erickverasf,erickverasf,False,https://instagram.fpmw7-1.fna.fbcdn.net/v/t51.2885-19/504476505_18068450771494971_3477034288790839175_n.jpg?stp=dst-jpg_s150x150_tt6&efg=eyJ2ZW5jb2RlX3RhZyI6InByb2ZpbGVfcGljLmRqYW5nby44MjguYzIifQ&_nc_ht=instagram.fpmw7-1.fna.fbcdn.net&_nc_cat=103&_nc_oc=Q6cZ2QGV_fYAwZdjY443s1gnApCHi8-mlDAOIhNmIETw4fkfyYCaR40bDgnb-Y8m-B-kLZ8&_nc_ohc=2cXEx-rp7dUQ7kNvwF336gb&_nc_gid=yX3Ssu0LK-5jrM8Z3qHp1A&edm=ABDp2nEBAAAA&ccb=7-5&oh=00_AfbIFhPB_ggRD9yycPMmgWEGUp0Ry-DSVLQCKb9TmbPRPw&oe=68BF52DF&_nc_sid=ae056e,Seguir
2025-09-01T18:11:17.000Z,,sant0s_ciane,sant0s_ciane,False,https://instagram.fpmw7-1.fna.fbcdn.net/v/t51.2885-19/537576645_17856544788497771_5116931795883096722_n.jpg?stp=dst-jpg_s150x150_tt6&efg=eyJ2ZW5jb2RlX3RhZyI6InByb2ZpbGVfcGljLmRqYW5nby4xMDgwLmMyIn0&_nc_ht=instagram.fpmw7-1.fna.fbcdn.net&_nc_cat=111&_nc_oc=Q6cZ2QGV_fYAwZdjY443s1gnApCHi8-mlDAOIhNmIETw4fkfyYCaR40bDgnb-Y8m-B-kLZ8&_nc_ohc=4JR06EajSM4Q7kNvwEaOeqJ&_nc_gid=yX3Ssu0LK-5jrM8Z3qHp1A&edm=ABDp2nEBAAAA&ccb=7-5&oh=00_AfZdWnfFcg3FMUMNIYSxn3sWWiLL31u-TDQwWflhPfEBwg&oe=68BF4901&_nc_sid=ae056e,Seguir
2025-09-01T18:11:17.000Z,,leuriara,leuriara,False,https://instagram.fpmw7-1.fna.fbcdn.net/v/t51.2885-19/419019345_399273185870588_1489121363738789953_n.jpg?stp=dst-jpg_s150x150_tt6&efg=eyJ2ZW5jb2RlX3RhZyI6InByb2ZpbGVfcGljLmRqYW5nby4xMDgwLmMyIn0&_nc_ht=instagram.fpmw7-1.fna.fbcdn.net&_nc_cat=108&_nc_oc=Q6cZ2QGV_fYAwZdjY443s1gnApCHi8-mlDAOIhNmIETw4fkfyYCaR40bDgnb-Y8m-B-kLZ8&_nc_ohc=I9f3_21gjwAQ7kNvwEvwA8G&_nc_gid=yX3Ssu0LK-5jrM8Z3qHp1A&edm=ABDp2nEBAAAA&ccb=7-5&oh=00_AfbCmiEfEySBKhUtP6nlT0Gbmy0CRrukfXIQIIZAmTmavQ&oe=68BF5837&_nc_sid=ae056e,Seguir
2025-09-01T18:11:17.000Z,,_luanavicunha_,_luanavicunha_,False,https://instagram.fpmw7-1.fna.fbcdn.net/v/t51.2885-19/533173520_18077081167967156_6591168114163654794_n.jpg?stp=dst-jpg_s150x150_tt6&efg=eyJ2ZW5jb2RlX3RhZyI6InByb2ZpbGVfcGljLmRqYW5nby4xMDgwLmMyIn0&_nc_ht=instagram.fpmw7-1.fna.fbcdn.net&_nc_cat=108&_nc_oc=Q6cZ2QGV_fYAwZdjY443s1gnApCHi8-mlDAOIhNmIETw4fkfyYCaR40bDgnb-Y8m-B-kLZ8&_nc_ohc=R24YO3KOY64Q7kNvwGN41Zt&_nc_gid=yX3Ssu0LK-5jrM8Z3qHp1A&edm=ABDp2nEBAAAA&ccb=7-5&oh=00_AfYoCNfmuk52VQBtosFIOl8S0Z4AuzgnkWss0f7SY0PSPA&oe=68BF5395&_nc_sid=ae056e,Seguir
2025-09-01T18:11:17.000Z,,bellshorst,bellshorst,False,https://instagram.fpmw7-1.fna.fbcdn.net/v/t51.2885-19/227565012_509316616833770_3901419073693810044_n.jpg?stp=dst-jpg_s150x150_tt6&efg=eyJ2ZW5jb2RlX3RhZyI6InByb2ZpbGVfcGljLmRqYW5nby42NDAuYzIifQ&_nc_ht=instagram.fpmw7-1.fna.fbcdn.net&_nc_cat=102&_nc_oc=Q6cZ2QGV_fYAwZdjY443s1gnApCHi8-mlDAOIhNmIETw4fkfyYCaR40bDgnb-Y8m-B-kLZ8&_nc_ohc=hDYST_JNSFIQ7kNvwH4_Ita&_nc_gid=yX3Ssu0LK-5jrM8Z3qHp1A&edm=ABDp2nEBAAAA&ccb=7-5&oh=00_AfZMK_vhY8QuVMUVXyl8sejFi-6LvowUpF9MyOlRboFd7Q&oe=68BF4068&_nc_sid=ae056e,Seguir
2025-09-01T18:11:17.000Z,,_rlealc,_rlealc,False,https://instagram.fpmw7-1.fna.fbcdn.net/v/t51.2885-19/531928586_17885589471347159_9029097833124071765_n.jpg?stp=dst-jpg_s150x150_tt6&efg=eyJ2ZW5jb2RlX3RhZyI6InByb2ZpbGVfcGljLmRqYW5nby4xMDgwLmMyIn0&_nc_ht=instagram.fpmw7-1.fna.fbcdn.net&_nc_cat=111&_nc_oc=Q6cZ2QGV_fYAwZdjY443s1gnApCHi8-mlDAOIhNmIETw4fkfyYCaR40bDgnb-Y8m-B-kLZ8&_nc_ohc=9-Fsj_RA5ZsQ7kNvwF69Eli&_nc_gid=yX3Ssu0LK-5jrM8Z3qHp1A&edm=ABDp2nEBAAAA&ccb=7-5&oh=00_Afbh2L0ams7loK1T9fTpoZIEHAx6EE-6OYACX6ICfWW1Rw&oe=68BF510A&_nc_sid=ae056e,Seguir
2025-08-31T12:37:22.000Z,,yurirrocha_,yurirrocha_,False,https://instagram.fpmw7-1.fna.fbcdn.net/v/t51.2885-19/487979833_1182784290208502_6154070173628154661_n.jpg?stp=dst-jpg_s150x150_tt6&efg=eyJ2ZW5jb2RlX3RhZyI6InByb2ZpbGVfcGljLmRqYW5nby4xMDgwLmMyIn0&_nc_ht=instagram.fpmw7-1.fna.fbcdn.net&_nc_cat=102&_nc_oc=Q6cZ2QEobHWq4T_xwGOm0CmYTBWyNirOMNnbTa7D0DRaLYdvuZD6ucN4m-TbJseUD7pqUw8&_nc_ohc=D-3qzE7ogDkQ7kNvwH9auDc&_nc_gid=plTmYq5yekfoBQhW9E9N_Q&edm=ABDp2nEBAAAA&ccb=7-5&oh=00_AfY4ke0s8_7IcBoPRmKeZ48Jrub-vA0IwmCOqsySLnauUQ&oe=68BF5C57&_nc_sid=ae056e,Seguir
2025-08-31T12:37:22.000Z,,ericocribeiro,ericocribeiro,False,https://instagram.fpmw7-1.fna.fbcdn.net/v/t51.2885-19/466510128_1109934467240621_6828271316384052136_n.jpg?stp=dst-jpg_s150x150_tt6&efg=eyJ2ZW5jb2RlX3RhZyI6InByb2ZpbGVfcGljLmRqYW5nby4xMDgwLmMyIn0&_nc_ht=instagram.fpmw7-1.fna.fbcdn.net&_nc_cat=105&_nc_oc=Q6cZ2QEobHWq4T_xwGOm0CmYTBWyNirOMNnbTa7D0DRaLYdvuZD6ucN4m-TbJseUD7pqUw8&_nc_ohc=7oNKnUB2Nt0Q7kNvwGxxI_n&_nc_gid=plTmYq5yekfoBQhW9E9N_Q&edm=ABDp2nEBAAAA&ccb=7-5&oh=00_AfYNlEB2csYsy6FWOnfFj-XTShxKK11BSRQb8FLqWYOOPQ&oe=68BF3819&_nc_sid=ae056e,Seguir
2025-08-31T12:37:22.000Z,,salmonfarias,salmonfarias,False,https://instagram.fpmw7-1.fna.fbcdn.net/v/t51.2885-19/473125268_1145383043860412_2695524661370455199_n.jpg?stp=dst-jpg_s150x150_tt6&efg=eyJ2ZW5jb2RlX3RhZyI6InByb2ZpbGVfcGljLmRqYW5nby4xMDgwLmMyIn0&_nc_ht=instagram.fpmw7-1.fna.fbcdn.net&_nc_cat=108&_nc_oc=Q6cZ2QEobHWq4T_xwGOm0CmYTBWyNirOMNnbTa7D0DRaLYdvuZD6ucN4m-TbJseUD7pqUw8&_nc_ohc=z0chNAMOD_0Q7kNvwH-wjF6&_nc_gid=plTmYq5yekfoBQhW9E9N_Q&edm=ABDp2nEBAAAA&ccb=7-5&oh=00_AfZm0A6pbsxwUpy8fD-1ykt4pV_V2rWX4fl99FhCGy1ivg&oe=68BF47D6&_nc_sid=ae056e,Seguir
2025-08-31T12:37:22.000Z,,leuriara,leuriara,False,https://instagram.fpmw7-1.fna.fbcdn.net/v/t51.2885-19/419019345_399273185870588_1489121363738789953_n.jpg?stp=dst-jpg_s150x150_tt6&efg=eyJ2ZW5jb2RlX3RhZyI6InByb2ZpbGVfcGljLmRqYW5nby4xMDgwLmMyIn0&_nc_ht=instagram.fpmw7-1.fna.fbcdn.net&_nc_cat=108&_nc_oc=Q6cZ2QEobHWq4T_xwGOm0CmYTBWyNirOMNnbTa7D0DRaLYdvuZD6ucN4m-TbJseUD7pqUw8&_nc_ohc=I9f3_21gjwAQ7kNvwEvwA8G&_nc_gid=plTmYq5yekfoBQhW9E9N_Q&edm=ABDp2nEBAAAA&ccb=7-5&oh=00_AfYMKryIBfFy1wtQmdcoxg29Cpp-gN4aBYH5iigBs3FpZg&oe=68BF5837&_nc_sid=ae056e,Seguir
2025-08-31T12:37:22.000Z,,afyanutrit1,afyanutrit1,False,https://instagram.fpmw7-1.fna.fbcdn.net/v/t51.2885-19/532256978_17843550282555280_6307398947951694488_n.jpg?stp=dst-jpg_s150x150_tt6&efg=eyJ2ZW5jb2RlX3RhZyI6InByb2ZpbGVfcGljLmRqYW5nby4xMDgwLmMyIn0&_nc_ht=instagram.fpmw7-1.fna.fbcdn.net&_nc_cat=104&_nc_oc=Q6cZ2QEobHWq4T_xwGOm0CmYTBWyNirOMNnbTa7D0DRaLYdvuZD6ucN4m-TbJseUD7pqUw8&_nc_ohc=kiYL1CIDIpQQ7kNvwG0X8fB&_nc_gid=plTmYq5yekfoBQhW9E9N_Q&edm=ABDp2nEBAAAA&ccb=7-5&oh=00_AfbPu71hMaOiIeqPMzbild-h42EcQHms7cDkKHWCURgb-Q&oe=68BF4E44&_nc_sid=ae056e,Seguir
2025-08-31T12:37:22.000Z,,mariajuliav,mariajuliav,False,https://instagram.fpmw7-1.fna.fbcdn.net/v/t51.2885-19/532544310_18395112547143952_8098651136406593768_n.jpg?stp=dst-jpg_s150x150_tt6&efg=eyJ2ZW5jb2RlX3RhZyI6InByb2ZpbGVfcGljLmRqYW5nby4xMDgwLmMyIn0&_nc_ht=instagram.fpmw7-1.fna.fbcdn.net&_nc_cat=104&_nc_oc=Q6cZ2QEobHWq4T_xwGOm0CmYTBWyNirOMNnbTa7D0DRaLYdvuZD6ucN4m-TbJseUD7pqUw8&_nc_ohc=A-4KLLBmhvEQ7kNvwENxj3A&_nc_gid=plTmYq5yekfoBQhW9E9N_Q&edm=ABDp2nEBAAAA&ccb=7-5&oh=00_AfbchtpchUVUKX496RZeG6AUBae-hmd6jOiJEBuscaVkoA&oe=68BF4C6E&_nc_sid=ae056e,Seguir
2025-08-31T12:37:22.000Z,,giovannamalvez,giovannamalvez,False,https://instagram.fpmw7-1.fna.fbcdn.net/v/t51.2885-19/497258853_17991925283796500_6780052492673081974_n.jpg?stp=dst-jpg_s150x150_tt6&efg=eyJ2ZW5jb2RlX3RhZyI6InByb2ZpbGVfcGljLmRqYW5nby4xMDgwLmMyIn0&_nc_ht=instagram.fpmw7-1.fna.fbcdn.net&_nc_cat=108&_nc_oc=Q6cZ2QEobHWq4T_xwGOm0CmYTBWyNirOMNnbTa7D0DRaLYdvuZD6ucN4m-TbJseUD7pqUw8&_nc_ohc=49F0O1TQ_qgQ7kNvwFMyd8S&_nc_gid=plTmYq5yekfoBQhW9E9N_Q&edm=ABDp2nEBAAAA&ccb=7-5&oh=00_Afajmp_tXo5hjawsMqqwrgWYTiNiYBQbm4oH2kXqrS0WuQ&oe=68BF3DFF&_nc_sid=ae056e,Seguir
2025-08-31T12:37:22.000Z,,jadhyarquitetura,jadhyarquitetura,False,https://instagram.fpmw7-1.fna.fbcdn.net/v/t51.2885-19/541000429_18345017296160216_6193974642149074775_n.jpg?stp=dst-jpg_s150x150_tt6&efg=eyJ2ZW5jb2RlX3RhZyI6InByb2ZpbGVfcGljLmRqYW5nby45NDcuYzIifQ&_nc_ht=instagram.fpmw7-1.fna.fbcdn.net&_nc_cat=108&_nc_oc=Q6cZ2QEobHWq4T_xwGOm0CmYTBWyNirOMNnbTa7D0DRaLYdvuZD6ucN4m-TbJseUD7pqUw8&_nc_ohc=AbeoFDVlRxwQ7kNvwFxodA7&_nc_gid=plTmYq5yekfoBQhW9E9N_Q&edm=ABDp2nEBAAAA&ccb=7-5&oh=00_AfbsKqI9bF4pblc5NlmfES1XlZJVnECEKjxfrOx6WJ4l3w&oe=68BF4ED2&_nc_sid=ae056e,Seguir
2025-08-31T12:37:22.000Z,,rudineispada,rudineispada,False,https://instagram.fpmw7-1.fna.fbcdn.net/v/t51.2885-19/273692536_303242318455404_7654144733846961960_n.jpg?stp=dst-jpg_s150x150_tt6&efg=eyJ2ZW5jb2RlX3RhZyI6InByb2ZpbGVfcGljLmRqYW5nby45MTcuYzIifQ&_nc_ht=instagram.fpmw7-1.fna.fbcdn.net&_nc_cat=100&_nc_oc=Q6cZ2QEobHWq4T_xwGOm0CmYTBWyNirOMNnbTa7D0DRaLYdvuZD6ucN4m-TbJseUD7pqUw8&_nc_ohc=B3cpEjempzMQ7kNvwEYe3EJ&_nc_gid=plTmYq5yekfoBQhW9E9N_Q&edm=ABDp2nEBAAAA&ccb=7-5&oh=00_AfbpGzcQCyONqx0U2QhqAM4iqt-nYN_KERbd1CYFDsbQXQ&oe=68BF4E08&_nc_sid=ae056e,Seguir
2025-08-31T12:37:22.000Z,,anakarolinne___,anakarolinne___,False,https://instagram.fpmw7-1.fna.fbcdn.net/v/t51.2885-19/505512160_18116023465482907_9031059234867185661_n.jpg?stp=dst-jpg_s150x150_tt6&efg=eyJ2ZW5jb2RlX3RhZyI6InByb2ZpbGVfcGljLmRqYW5nby4xMDgwLmMyIn0&_nc_ht=instagram.fpmw7-1.fna.fbcdn.net&_nc_cat=107&_nc_oc=Q6cZ2QEobHWq4T_xwGOm0CmYTBWyNirOMNnbTa7D0DRaLYdvuZD6ucN4m-TbJseUD7pqUw8&_nc_ohc=yLxjhSZa7Z0Q7kNvwGmNgdt&_nc_gid=plTmYq5yekfoBQhW9E9N_Q&edm=ABDp2nEBAAAA&ccb=7-5&oh=00_AfbeywLX5JO1yR5iufnMdCuFEFuz-bl1j-jCla5KRqnztw&oe=68BF3FA2&_nc_sid=ae056e,Seguir
2025-09-01T18:11:55.000Z,,mariana_rfranco,mariana_rfranco,False,https://instagram.fpmw7-1.fna.fbcdn.net/v/t51.2885-19/460458422_513684144697997_6116009177708968500_n.jpg?stp=dst-jpg_s150x150_tt6&efg=eyJ2ZW5jb2RlX3RhZyI6InByb2ZpbGVfcGljLmRqYW5nby4xMDgwLmMyIn0&_nc_ht=instagram.fpmw7-1.fna.fbcdn.net&_nc_cat=105&_nc_oc=Q6cZ2QFh2_rSX5JlOC2-BJJ-NtuFco-5RJMrpwmP-WiTnVXuip8ZEMl_i5wK7paNb8S0_K4&_nc_ohc=mxCMJb9vRY4Q7kNvwGS5eBC&_nc_gid=u-H2FS2ON5QMfVGewePlGg&edm=ABDp2nEBAAAA&ccb=7-5&oh=00_AfYrIbTSOE5FCYCp9y3tGZ-FhcZh9SdRVymGf6blKOgXYg&oe=68BF4BD6&_nc_sid=ae056e,Seguir
2025-09-01T18:11:55.000Z,,luaan._,luaan._,False,https://instagram.fpmw7-1.fna.fbcdn.net/v/t51.2885-19/527529054_18478946257077956_1306086373106267792_n.jpg?stp=dst-jpg_s150x150_tt6&efg=eyJ2ZW5jb2RlX3RhZyI6InByb2ZpbGVfcGljLmRqYW5nby42NzUuYzIifQ&_nc_ht=instagram.fpmw7-1.fna.fbcdn.net&_nc_cat=108&_nc_oc=Q6cZ2QFh2_rSX5JlOC2-BJJ-NtuFco-5RJMrpwmP-WiTnVXuip8ZEMl_i5wK7paNb8S0_K4&_nc_ohc=84NYEFZ0rQQQ7kNvwHN91lo&_nc_gid=u-H2FS2ON5QMfVGewePlGg&edm=ABDp2nEBAAAA&ccb=7-5&oh=00_AfZ3665zqi8GY1ZPHxLaTbA2joTgA2umxKMHIofNC3l-gQ&oe=68BF6FD7&_nc_sid=ae056e,Seguir
2025-09-01T18:11:55.000Z,,vitoriafrancoo_,vitoriafrancoo_,False,https://instagram.fpmw7-1.fna.fbcdn.net/v/t51.2885-19/503408137_18509021197052678_4767023092772015418_n.jpg?stp=dst-jpg_s150x150_tt6&efg=eyJ2ZW5jb2RlX3RhZyI6InByb2ZpbGVfcGljLmRqYW5nby4xMDgwLmMyIn0&_nc_ht=instagram.fpmw7-1.fna.fbcdn.net&_nc_cat=102&_nc_oc=Q6cZ2QFh2_rSX5JlOC2-BJJ-NtuFco-5RJMrpwmP-WiTnVXuip8ZEMl_i5wK7paNb8S0_K4&_nc_ohc=17bVD5JlzT0Q7kNvwFEUExQ&_nc_gid=u-H2FS2ON5QMfVGewePlGg&edm=ABDp2nEBAAAA&ccb=7-5&oh=00_AfZeJN9o_ysNosuzK32pfOVGOnMzWSAgxYPl0gD2MKUdvw&oe=68BF54CA&_nc_sid=ae056e,Seguir
2025-09-01T18:11:55.000Z,,emyvech,emyvech,False,https://instagram.fpmw7-1.fna.fbcdn.net/v/t51.2885-19/429355134_7289284967797670_298887828187264468_n.jpg?stp=dst-jpg_s150x150_tt6&efg=eyJ2ZW5jb2RlX3RhZyI6InByb2ZpbGVfcGljLmRqYW5nby4xMDgwLmMyIn0&_nc_ht=instagram.fpmw7-1.fna.fbcdn.net&_nc_cat=102&_nc_oc=Q6cZ2QFh2_rSX5JlOC2-BJJ-NtuFco-5RJMrpwmP-WiTnVXuip8ZEMl_i5wK7paNb8S0_K4&_nc_ohc=L9SZksMsU2AQ7kNvwENwLeR&_nc_gid=u-H2FS2ON5QMfVGewePlGg&edm=ABDp2nEBAAAA&ccb=7-5&oh=00_Afa7KKdpDwxq0kYBEPFUVg07144K8oE-QUfYrB6Zme4fcg&oe=68BF3DD8&_nc_sid=ae056e,Seguir
2025-09-01T18:11:55.000Z,,ericocribeiro,ericocribeiro,False,https://instagram.fpmw7-1.fna.fbcdn.net/v/t51.2885-19/466510128_1109934467240621_6828271316384052136_n.jpg?stp=dst-jpg_s150x150_tt6&efg=eyJ2ZW5jb2RlX3RhZyI6InByb2ZpbGVfcGljLmRqYW5nby4xMDgwLmMyIn0&_nc_ht=instagram.fpmw7-1.fna.fbcdn.net&_nc_cat=105&_nc_oc=Q6cZ2QFh2_rSX5JlOC2-BJJ-NtuFco-5RJMrpwmP-WiTnVXuip8ZEMl_i5wK7paNb8S0_K4&_nc_ohc=7oNKnUB2Nt0Q7kNvwGxxI_n&_nc_gid=u-H2FS2ON5QMfVGewePlGg&edm=ABDp2nEBAAAA&ccb=7-5&oh=00_AfbcJdSfD0lfNunRhCGKWk3H9KAiBqBbH9eimj-W-SMLiA&oe=68BF3819&_nc_sid=ae056e,Seguir
2025-09-01T18:11:55.000Z,,eltonsousa12,eltonsousa12,False,https://instagram.fpmw7-1.fna.fbcdn.net/v/t51.2885-19/66327515_363045654383036_7092767502953873408_n.jpg?stp=dst-jpg_s150x150_tt6&efg=eyJ2ZW5jb2RlX3RhZyI6InByb2ZpbGVfcGljLmRqYW5nby4xMDgwLmMyIn0&_nc_ht=instagram.fpmw7-1.fna.fbcdn.net&_nc_cat=108&_nc_oc=Q6cZ2QFh2_rSX5JlOC2-BJJ-NtuFco-5RJMrpwmP-WiTnVXuip8ZEMl_i5wK7paNb8S0_K4&_nc_ohc=Dlw_dA36LnoQ7kNvwGJFRsb&_nc_gid=u-H2FS2ON5QMfVGewePlGg&edm=ABDp2nEBAAAA&ccb=7-5&oh=00_AfYfwRj4PoAe4_MPsVCFSc2wA2C5jyJh9UH9Uf7GkYp9lQ&oe=68BF6847&_nc_sid=ae056e,Seguir
2025-09-01T18:11:55.000Z,,salmonfarias,salmonfarias,False,https://instagram.fpmw7-1.fna.fbcdn.net/v/t51.2885-19/473125268_1145383043860412_2695524661370455199_n.jpg?stp=dst-jpg_s150x150_tt6&efg=eyJ2ZW5jb2RlX3RhZyI6InByb2ZpbGVfcGljLmRqYW5nby4xMDgwLmMyIn0&_nc_ht=instagram.fpmw7-1.fna.fbcdn.net&_nc_cat=108&_nc_oc=Q6cZ2QFh2_rSX5JlOC2-BJJ-NtuFco-5RJMrpwmP-WiTnVXuip8ZEMl_i5wK7paNb8S0_K4&_nc_ohc=z0chNAMOD_0Q7kNvwH-wjF6&_nc_gid=u-H2FS2ON5QMfVGewePlGg&edm=ABDp2nEBAAAA&ccb=7-5&oh=00_Afb-krEQrbUUi_PG91YiQQy9y82DfG1nzsznIce6TFNF2Q&oe=68BF47D6&_nc_sid=ae056e,Seguir
2025-09-01T18:11:55.000Z,,mosercaldeira,mosercaldeira,False,https://instagram.fpmw7-1.fna.fbcdn.net/v/t51.2885-19/539887053_18524851978057550_6484469157143012_n.jpg?stp=dst-jpg_s150x150_tt6&efg=eyJ2ZW5jb2RlX3RhZyI6InByb2ZpbGVfcGljLmRqYW5nby4xMDgwLmMyIn0&_nc_ht=instagram.fpmw7-1.fna.fbcdn.net&_nc_cat=102&_nc_oc=Q6cZ2QFh2_rSX5JlOC2-BJJ-NtuFco-5RJMrpwmP-WiTnVXuip8ZEMl_i5wK7paNb8S0_K4&_nc_ohc=e4l6ChnCet8Q7kNvwHuQMOs&_nc_gid=u-H2FS2ON5QMfVGewePlGg&edm=ABDp2nEBAAAA&ccb=7-5&oh=00_AfZE7AWuD0EQHfvF8h8_HMxZU_D-P3koudU4_soxTG67_A&oe=68BF434C&_nc_sid=ae056e,Seguir
2025-09-01T18:11:55.000Z,,eduardo_labre,eduardo_labre,False,https://instagram.fpmw7-1.fna.fbcdn.net/v/t51.2885-19/457718049_1650626795481013_857923398333928154_n.jpg?stp=dst-jpg_s150x150_tt6&efg=eyJ2ZW5jb2RlX3RhZyI6InByb2ZpbGVfcGljLmRqYW5nby4xMDU2LmMyIn0&_nc_ht=instagram.fpmw7-1.fna.fbcdn.net&_nc_cat=101&_nc_oc=Q6cZ2QFh2_rSX5JlOC2-BJJ-NtuFco-5RJMrpwmP-WiTnVXuip8ZEMl_i5wK7paNb8S0_K4&_nc_ohc=XFQQ4op2IJkQ7kNvwGhQ0Dw&_nc_gid=u-H2FS2ON5QMfVGewePlGg&edm=ABDp2nEBAAAA&ccb=7-5&oh=00_AfZIUPYGG4MwNZnUt_VWsyv4SGs1PlYEiIKHQcMqjTWHww&oe=68BF6D7A&_nc_sid=ae056e,Seguir
2025-09-01T18:11:55.000Z,,leuriara,leuriara,False,https://instagram.fpmw7-1.fna.fbcdn.net/v/t51.2885-19/419019345_399273185870588_1489121363738789953_n.jpg?stp=dst-jpg_s150x150_tt6&efg=eyJ2ZW5jb2RlX3RhZyI6InByb2ZpbGVfcGljLmRqYW5nby4xMDgwLmMyIn0&_nc_ht=instagram.fpmw7-1.fna.fbcdn.net&_nc_cat=108&_nc_oc=Q6cZ2QFh2_rSX5JlOC2-BJJ-NtuFco-5RJMrpwmP-WiTnVXuip8ZEMl_i5wK7paNb8S0_K4&_nc_ohc=I9f3_21gjwAQ7kNvwEvwA8G&_nc_gid=u-H2FS2ON5QMfVGewePlGg&edm=ABDp2nEBAAAA&ccb=7-5&oh=00_AfaD2fLRFozRHRHigMP-Yqy1qsI9C-EsVrmttUvyFJZZRg&oe=68BF5837&_nc_sid=ae056e,Seguir
2025-09-03T15:10:09.000Z,,mariaa_soyza,mariaa_soyza,False,https://instagram.fpmw7-1.fna.fbcdn.net/v/t51.2885-19/517959843_18072265843953894_3117892327853510785_n.jpg?stp=dst-jpg_s150x150_tt6&efg=eyJ2ZW5jb2RlX3RhZyI6InByb2ZpbGVfcGljLmRqYW5nby4xMDgwLmMyIn0&_nc_ht=instagram.fpmw7-1.fna.fbcdn.net&_nc_cat=106&_nc_oc=Q6cZ2QH9rSALjB4n6vuEDsDMREyHFocXXckB8AZfi49wLv4V7v-OWo1TxfUiQcg3u7NZWo4&_nc_ohc=p6cNOAIeGLEQ7kNvwFnCCLs&_nc_gid=9-8HFbx1Vo7L5QBK9QyQ1Q&edm=ABDp2nEBAAAA&ccb=7-5&oh=00_AfYgvKYTWHRSuCrxeKhI8Kv7HTjpjeCk4yWJxHVkMXM33w&oe=68BF5E41&_nc_sid=ae056e,Seguir
2025-09-03T15:10:09.000Z,,leuriara,leuriara,False,https://instagram.fpmw7-1.fna.fbcdn.net/v/t51.2885-19/419019345_399273185870588_1489121363738789953_n.jpg?stp=dst-jpg_s150x150_tt6&efg=eyJ2ZW5jb2RlX3RhZyI6InByb2ZpbGVfcGljLmRqYW5nby4xMDgwLmMyIn0&_nc_ht=instagram.fpmw7-1.fna.fbcdn.net&_nc_cat=108&_nc_oc=Q6cZ2QH9rSALjB4n6vuEDsDMREyHFocXXckB8AZfi49wLv4V7v-OWo1TxfUiQcg3u7NZWo4&_nc_ohc=I9f3_21gjwAQ7kNvwEvwA8G&_nc_gid=9-8HFbx1Vo7L5QBK9QyQ1Q&edm=ABDp2nEBAAAA&ccb=7-5&oh=00_AfaPKDMhh8_Hxw-qSoqnxbyPmq5gzBz_GP9U7gDs9WeLPQ&oe=68BF5837&_nc_sid=ae056e,Seguir
2025-09-01T01:50:44.000Z,,tiagogomesyt,tiagogomesyt,False,https://instagram.fpmw7-1.fna.fbcdn.net/v/t51.2885-19/461657693_879695830784633_7301171117809738499_n.jpg?stp=dst-jpg_s150x150_tt6&efg=eyJ2ZW5jb2RlX3RhZyI6InByb2ZpbGVfcGljLmRqYW5nby4xMDgwLmMyIn0&_nc_ht=instagram.fpmw7-1.fna.fbcdn.net&_nc_cat=105&_nc_oc=Q6cZ2QHD-U_aFIHFOLEHQMh7w0VfPyDEgq-s4yiHqtp9dVKjSfNVHSNhh-iBdyqtXy8pTtU&_nc_ohc=XIHXyWTYw_kQ7kNvwFJuMI-&_nc_gid=yhmVX-7tVLXU79_4UY3yiA&edm=ABDp2nEBAAAA&ccb=7-5&oh=00_AfYZLu51ItEUv5Z1LerAt324cIBnes8Pv5VbavvPwt3MwA&oe=68BF64E4&_nc_sid=ae056e,Seguir
2025-09-01T01:50:44.000Z,,fp__ramalho,fp__ramalho,False,https://instagram.fpmw7-1.fna.fbcdn.net/v/t51.2885-19/519432172_17925148773067783_6274937672008217857_n.jpg?stp=dst-jpg_s150x150_tt6&efg=eyJ2ZW5jb2RlX3RhZyI6InByb2ZpbGVfcGljLmRqYW5nby4xMDgwLmMyIn0&_nc_ht=instagram.fpmw7-1.fna.fbcdn.net&_nc_cat=107&_nc_oc=Q6cZ2QHD-U_aFIHFOLEHQMh7w0VfPyDEgq-s4yiHqtp9dVKjSfNVHSNhh-iBdyqtXy8pTtU&_nc_ohc=IX7KWhyHcXkQ7kNvwFE5DF2&_nc_gid=yhmVX-7tVLXU79_4UY3yiA&edm=ABDp2nEBAAAA&ccb=7-5&oh=00_Afb53662Hdi1fp2PWqpj8r_RSrFLuSAE0H2cigalUtquXQ&oe=68BF4CED&_nc_sid=ae056e,Seguir
2025-09-01T01:50:44.000Z,,cfryimtoria,cfryimtoria,False,https://instagram.fpmw7-1.fna.fbcdn.net/v/t51.2885-19/530237689_17917335441141509_3302540827999614633_n.jpg?stp=dst-jpg_s150x150_tt6&efg=eyJ2ZW5jb2RlX3RhZyI6InByb2ZpbGVfcGljLmRqYW5nby4xMDgwLmMyIn0&_nc_ht=instagram.fpmw7-1.fna.fbcdn.net&_nc_cat=105&_nc_oc=Q6cZ2QHD-U_aFIHFOLEHQMh7w0VfPyDEgq-s4yiHqtp9dVKjSfNVHSNhh-iBdyqtXy8pTtU&_nc_ohc=Q-me93bmJn8Q7kNvwFjpxDX&_nc_gid=yhmVX-7tVLXU79_4UY3yiA&edm=ABDp2nEBAAAA&ccb=7-5&oh=00_AfbDv7am2WSHPuoNLsg-0VLekdCl9KRWU-Vjt-jcRfCA9w&oe=68BF4FAA&_nc_sid=ae056e,Seguir
2025-09-01T01:50:44.000Z,,whyeloa,whyeloa,False,https://instagram.fpmw7-1.fna.fbcdn.net/v/t51.2885-19/527336377_18062066501339021_8259108438384420392_n.jpg?stp=dst-jpg_s150x150_tt6&efg=eyJ2ZW5jb2RlX3RhZyI6InByb2ZpbGVfcGljLmRqYW5nby4xMDgwLmMyIn0&_nc_ht=instagram.fpmw7-1.fna.fbcdn.net&_nc_cat=105&_nc_oc=Q6cZ2QHD-U_aFIHFOLEHQMh7w0VfPyDEgq-s4yiHqtp9dVKjSfNVHSNhh-iBdyqtXy8pTtU&_nc_ohc=eeYlzU25qisQ7kNvwFXbkui&_nc_gid=yhmVX-7tVLXU79_4UY3yiA&edm=ABDp2nEBAAAA&ccb=7-5&oh=00_AfZ5xTD3KfKlrypA5GFqF0SdZgOmmKiBlKx2oXqYJ4krSA&oe=68BF6734&_nc_sid=ae056e,Seguir
2025-09-01T01:50:44.000Z,,sarah_araujo009,sarah_araujo009,False,https://instagram.fpmw7-1.fna.fbcdn.net/v/t51.2885-19/309238063_853847485962010_982929805295895564_n.jpg?stp=dst-jpg_s150x150_tt6&efg=eyJ2ZW5jb2RlX3RhZyI6InByb2ZpbGVfcGljLmRqYW5nby43MzYuYzIifQ&_nc_ht=instagram.fpmw7-1.fna.fbcdn.net&_nc_cat=110&_nc_oc=Q6cZ2QHD-U_aFIHFOLEHQMh7w0VfPyDEgq-s4yiHqtp9dVKjSfNVHSNhh-iBdyqtXy8pTtU&_nc_ohc=E--T8WGsCIUQ7kNvwF-wMvJ&_nc_gid=yhmVX-7tVLXU79_4UY3yiA&edm=ABDp2nEBAAAA&ccb=7-5&oh=00_AfYvvwK1vLuGxs4h4lhn_X10_JqEEVfno2r6bWNF5X6-Vw&oe=68BF4CAF&_nc_sid=ae056e,Seguir
2025-09-01T01:50:44.000Z,,gomes_karine_,gomes_karine_,False,https://instagram.fpmw7-1.fna.fbcdn.net/v/t51.2885-19/483601098_1362313461567814_3120632846534114194_n.jpg?stp=dst-jpg_s150x150_tt6&efg=eyJ2ZW5jb2RlX3RhZyI6InByb2ZpbGVfcGljLmRqYW5nby4xMDgwLmMyIn0&_nc_ht=instagram.fpmw7-1.fna.fbcdn.net&_nc_cat=110&_nc_oc=Q6cZ2QHD-U_aFIHFOLEHQMh7w0VfPyDEgq-s4yiHqtp9dVKjSfNVHSNhh-iBdyqtXy8pTtU&_nc_ohc=Mddi0i_XdnMQ7kNvwF3H84z&_nc_gid=yhmVX-7tVLXU79_4UY3yiA&edm=ABDp2nEBAAAA&ccb=7-5&oh=00_AfZpbyRfLuO1Z89cPg2XeYKz7Sff7sAnurrNqTbJ9JdoCA&oe=68BF3CBD&_nc_sid=ae056e,Seguir
2025-09-01T01:50:44.000Z,,_my.araujo_,_my.araujo_,False,https://instagram.fpmw7-1.fna.fbcdn.net/v/t51.2885-19/530397794_18059532134587789_2779983161698145734_n.jpg?stp=dst-jpg_s150x150_tt6&efg=eyJ2ZW5jb2RlX3RhZyI6InByb2ZpbGVfcGljLmRqYW5nby45NTguYzIifQ&_nc_ht=instagram.fpmw7-1.fna.fbcdn.net&_nc_cat=101&_nc_oc=Q6cZ2QHD-U_aFIHFOLEHQMh7w0VfPyDEgq-s4yiHqtp9dVKjSfNVHSNhh-iBdyqtXy8pTtU&_nc_ohc=yfl2kUdrakIQ7kNvwH1rMZh&_nc_gid=yhmVX-7tVLXU79_4UY3yiA&edm=ABDp2nEBAAAA&ccb=7-5&oh=00_AfbqnoyPef6unKhbj1Czhvu5UP9iw6F7UyZkGdXsMdrTNw&oe=68BF60A9&_nc_sid=ae056e,Seguir
2025-09-01T01:50:44.000Z,,ryimtoria,ryimtoria,False,https://instagram.fpmw7-1.fna.fbcdn.net/v/t51.2885-19/540524145_17982499265853255_4927235911287426509_n.jpg?stp=dst-jpg_s150x150_tt6&efg=eyJ2ZW5jb2RlX3RhZyI6InByb2ZpbGVfcGljLmRqYW5nby4xMDgwLmMyIn0&_nc_ht=instagram.fpmw7-1.fna.fbcdn.net&_nc_cat=103&_nc_oc=Q6cZ2QHD-U_aFIHFOLEHQMh7w0VfPyDEgq-s4yiHqtp9dVKjSfNVHSNhh-iBdyqtXy8pTtU&_nc_ohc=g2G_KIBVsjEQ7kNvwGuLMdr&_nc_gid=yhmVX-7tVLXU79_4UY3yiA&edm=ABDp2nEBAAAA&ccb=7-5&oh=00_AfaB_Aaw7JBCK2Y6iDZOW8IR-Bu96OA9bw11XBqWl8ai5A&oe=68BF50B5&_nc_sid=ae056e,Seguir
2025-09-01T01:50:44.000Z,,sara_tarciso,sara_tarciso,False,https://instagram.fpmw7-1.fna.fbcdn.net/v/t51.2885-19/538129249_18059087969525663_6524312531071159256_n.jpg?stp=dst-jpg_s150x150_tt6&efg=eyJ2ZW5jb2RlX3RhZyI6InByb2ZpbGVfcGljLmRqYW5nby4xMDgwLmMyIn0&_nc_ht=instagram.fpmw7-1.fna.fbcdn.net&_nc_cat=111&_nc_oc=Q6cZ2QHD-U_aFIHFOLEHQMh7w0VfPyDEgq-s4yiHqtp9dVKjSfNVHSNhh-iBdyqtXy8pTtU&_nc_ohc=HJvOB53MTkwQ7kNvwEQAkoo&_nc_gid=yhmVX-7tVLXU79_4UY3yiA&edm=ABDp2nEBAAAA&ccb=7-5&oh=00_Afb-oGrh6lMCmP6Yc_AopoLRRnoAI3xHZKLyCYrkkhmMnw&oe=68BF3B1B&_nc_sid=ae056e,Seguir
2025-09-01T01:50:44.000Z,,j.lyi090,j.lyi090,False,https://instagram.fpmw7-1.fna.fbcdn.net/v/t51.2885-19/479684718_536640632130519_3699271087016518077_n.jpg?stp=dst-jpg_s150x150_tt6&efg=eyJ2ZW5jb2RlX3RhZyI6InByb2ZpbGVfcGljLmRqYW5nby4xMDgwLmMyIn0&_nc_ht=instagram.fpmw7-1.fna.fbcdn.net&_nc_cat=103&_nc_oc=Q6cZ2QHD-U_aFIHFOLEHQMh7w0VfPyDEgq-s4yiHqtp9dVKjSfNVHSNhh-iBdyqtXy8pTtU&_nc_ohc=Cb7yFcM_V_MQ7kNvwG82gIF&_nc_gid=yhmVX-7tVLXU79_4UY3yiA&edm=ABDp2nEBAAAA&ccb=7-5&oh=00_AfbOZSIFyeDdDyWhJo-ihqDkt1PmXHnJB-fsL0S0q6yHIw&oe=68BF3F69&_nc_sid=ae056e,Seguir
2025-09-01T18:12:34.000Z,,antunesalessandrog,antunesalessandrog,False,https://instagram.fpmw7-1.fna.fbcdn.net/v/t51.2885-19/511440008_17851719192473666_8236879691639272529_n.jpg?stp=dst-jpg_s150x150_tt6&efg=eyJ2ZW5jb2RlX3RhZyI6InByb2ZpbGVfcGljLmRqYW5nby4xMDgwLmMyIn0&_nc_ht=instagram.fpmw7-1.fna.fbcdn.net&_nc_cat=102&_nc_oc=Q6cZ2QFaK1KNNz62lW-cV0kPxVhGhXqKeo9cL9aim0YKjIx9cQa-y76DwWFzocbr3-9o_vU&_nc_ohc=vUzLebFsLHEQ7kNvwE0AT2W&_nc_gid=Rb63gvBYbWTUwpG5bx8NaQ&edm=ABDp2nEBAAAA&ccb=7-5&oh=00_AfapVKER592PI8U1jptju1qFXHRyuolwOwj2WxTHZtd71g&oe=68BF4CAF&_nc_sid=ae056e,Seguir
2025-09-01T18:12:34.000Z,,lubia.siqueira,lubia.siqueira,False,https://instagram.fpmw7-1.fna.fbcdn.net/v/t51.2885-19/490361485_655306847370207_1745090830208409742_n.jpg?stp=dst-jpg_s150x150_tt6&efg=eyJ2ZW5jb2RlX3RhZyI6InByb2ZpbGVfcGljLmRqYW5nby4xMDgwLmMyIn0&_nc_ht=instagram.fpmw7-1.fna.fbcdn.net&_nc_cat=103&_nc_oc=Q6cZ2QFaK1KNNz62lW-cV0kPxVhGhXqKeo9cL9aim0YKjIx9cQa-y76DwWFzocbr3-9o_vU&_nc_ohc=NZwmM1BaH-wQ7kNvwGt9vxA&_nc_gid=Rb63gvBYbWTUwpG5bx8NaQ&edm=ABDp2nEBAAAA&ccb=7-5&oh=00_AfYgaksTdlHxYR1nqSIli9XFrrJsmxQoc_gcTCoIyzTsfw&oe=68BF6807&_nc_sid=ae056e,Seguir
2025-09-01T18:12:34.000Z,,ithamara_cs,ithamara_cs,False,https://instagram.fpmw7-1.fna.fbcdn.net/v/t51.2885-19/432923839_3679654305638942_4933035581537455925_n.jpg?stp=dst-jpg_s150x150_tt6&efg=eyJ2ZW5jb2RlX3RhZyI6InByb2ZpbGVfcGljLmRqYW5nby43MjkuYzIifQ&_nc_ht=instagram.fpmw7-1.fna.fbcdn.net&_nc_cat=102&_nc_oc=Q6cZ2QFaK1KNNz62lW-cV0kPxVhGhXqKeo9cL9aim0YKjIx9cQa-y76DwWFzocbr3-9o_vU&_nc_ohc=Ac4Sdow6ic4Q7kNvwEq8P3b&_nc_gid=Rb63gvBYbWTUwpG5bx8NaQ&edm=ABDp2nEBAAAA&ccb=7-5&oh=00_Afa8J6lVwoeBSPkQNtzEkvmCAb9Fq_ceJvVzZcdnthtGtA&oe=68BF6A86&_nc_sid=ae056e,Seguir
2025-09-01T18:12:34.000Z,,ericocribeiro,ericocribeiro,False,https://instagram.fpmw7-1.fna.fbcdn.net/v/t51.2885-19/466510128_1109934467240621_6828271316384052136_n.jpg?stp=dst-jpg_s150x150_tt6&efg=eyJ2ZW5jb2RlX3RhZyI6InByb2ZpbGVfcGljLmRqYW5nby4xMDgwLmMyIn0&_nc_ht=instagram.fpmw7-1.fna.fbcdn.net&_nc_cat=105&_nc_oc=Q6cZ2QFaK1KNNz62lW-cV0kPxVhGhXqKeo9cL9aim0YKjIx9cQa-y76DwWFzocbr3-9o_vU&_nc_ohc=7oNKnUB2Nt0Q7kNvwGxxI_n&_nc_gid=Rb63gvBYbWTUwpG5bx8NaQ&edm=ABDp2nEBAAAA&ccb=7-5&oh=00_Afar2fe1uZ6JaZvv1yiTL6kzmvkVuTRd80B4-LEfMH4GSA&oe=68BF7059&_nc_sid=ae056e,Seguir
2025-09-01T18:12:34.000Z,,marlyalvesoficial,marlyalvesoficial,False,https://instagram.fpmw7-1.fna.fbcdn.net/v/t51.2885-19/470431131_897926855864081_8032346753815721327_n.jpg?stp=dst-jpg_s150x150_tt6&efg=eyJ2ZW5jb2RlX3RhZyI6InByb2ZpbGVfcGljLmRqYW5nby4xMDgwLmMyIn0&_nc_ht=instagram.fpmw7-1.fna.fbcdn.net&_nc_cat=105&_nc_oc=Q6cZ2QFaK1KNNz62lW-cV0kPxVhGhXqKeo9cL9aim0YKjIx9cQa-y76DwWFzocbr3-9o_vU&_nc_ohc=Zv6FkOMOLsMQ7kNvwEbPQZl&_nc_gid=Rb63gvBYbWTUwpG5bx8NaQ&edm=ABDp2nEBAAAA&ccb=7-5&oh=00_AfaHIrp93cUxSF5aYGpkMKGy7KFzCRHeNoxO5N9BDfwvbw&oe=68BF6ED0&_nc_sid=ae056e,Seguir
2025-09-01T18:12:34.000Z,,henrimarinhooo,henrimarinhooo,False,https://instagram.fpmw7-1.fna.fbcdn.net/v/t51.2885-19/523764283_18073681436069451_3495594335799400718_n.jpg?stp=dst-jpg_s150x150_tt6&efg=eyJ2ZW5jb2RlX3RhZyI6InByb2ZpbGVfcGljLmRqYW5nby4xMDgwLmMyIn0&_nc_ht=instagram.fpmw7-1.fna.fbcdn.net&_nc_cat=103&_nc_oc=Q6cZ2QFaK1KNNz62lW-cV0kPxVhGhXqKeo9cL9aim0YKjIx9cQa-y76DwWFzocbr3-9o_vU&_nc_ohc=jmVqQYnKakoQ7kNvwH50Mnf&_nc_gid=Rb63gvBYbWTUwpG5bx8NaQ&edm=ABDp2nEBAAAA&ccb=7-5&oh=00_AfYSZIs0GFyjVCKip-koWC-7dh6JNELLVR_01zOZh0sfYQ&oe=68BF4D78&_nc_sid=ae056e,Seguir
2025-09-01T18:12:34.000Z,,leuriara,leuriara,False,https://instagram.fpmw7-1.fna.fbcdn.net/v/t51.2885-19/419019345_399273185870588_1489121363738789953_n.jpg?stp=dst-jpg_s150x150_tt6&efg=eyJ2ZW5jb2RlX3RhZyI6InByb2ZpbGVfcGljLmRqYW5nby4xMDgwLmMyIn0&_nc_ht=instagram.fpmw7-1.fna.fbcdn.net&_nc_cat=108&_nc_oc=Q6cZ2QFaK1KNNz62lW-cV0kPxVhGhXqKeo9cL9aim0YKjIx9cQa-y76DwWFzocbr3-9o_vU&_nc_ohc=I9f3_21gjwAQ7kNvwEvwA8G&_nc_gid=Rb63gvBYbWTUwpG5bx8NaQ&edm=ABDp2nEBAAAA&ccb=7-5&oh=00_Afa8jx9RjsCCUk8ViPGd_RjoB_k__l0Nrfzlo98f3yv96w&oe=68BF5837&_nc_sid=ae056e,Seguir
2025-09-01T18:12:34.000Z,,biancabrederg,biancabrederg,False,https://instagram.fpmw7-1.fna.fbcdn.net/v/t51.2885-19/499417890_18501237802055248_2973323094109878393_n.jpg?stp=dst-jpg_s150x150_tt6&efg=eyJ2ZW5jb2RlX3RhZyI6InByb2ZpbGVfcGljLmRqYW5nby4xMDgwLmMyIn0&_nc_ht=instagram.fpmw7-1.fna.fbcdn.net&_nc_cat=104&_nc_oc=Q6cZ2QFaK1KNNz62lW-cV0kPxVhGhXqKeo9cL9aim0YKjIx9cQa-y76DwWFzocbr3-9o_vU&_nc_ohc=GYSinHaEXQIQ7kNvwHU2pOx&_nc_gid=Rb63gvBYbWTUwpG5bx8NaQ&edm=ABDp2nEBAAAA&ccb=7-5&oh=00_AfYmjSN3Rp6r-xQNtiS-ojyQc3zYuViNF0X8P-xwrRQXug&oe=68BF3FB2&_nc_sid=ae056e,Seguir
2025-09-01T18:12:34.000Z,,victor_vja,victor_vja,False,https://instagram.fpmw7-1.fna.fbcdn.net/v/t51.2885-19/449847805_1179689939851512_974580361986355062_n.jpg?stp=dst-jpg_s150x150_tt6&efg=eyJ2ZW5jb2RlX3RhZyI6InByb2ZpbGVfcGljLmRqYW5nby4xMDgwLmMyIn0&_nc_ht=instagram.fpmw7-1.fna.fbcdn.net&_nc_cat=100&_nc_oc=Q6cZ2QFaK1KNNz62lW-cV0kPxVhGhXqKeo9cL9aim0YKjIx9cQa-y76DwWFzocbr3-9o_vU&_nc_ohc=XXJI83hW1TkQ7kNvwH9wwa4&_nc_gid=Rb63gvBYbWTUwpG5bx8NaQ&edm=ABDp2nEBAAAA&ccb=7-5&oh=00_Afaf6XNOVqsEnsozurOHgudd7uelEtv4o0mwDIMgv7vBzw&oe=68BF42AB&_nc_sid=ae056e,Seguir
2025-09-01T18:12:34.000Z,,evanildemoura123,evanildemoura123,False,https://instagram.fpmw7-1.fna.fbcdn.net/v/t51.2885-19/344199997_580974183834153_984703171248275020_n.jpg?stp=dst-jpg_s150x150_tt6&efg=eyJ2ZW5jb2RlX3RhZyI6InByb2ZpbGVfcGljLmRqYW5nby4xMDIxLmMyIn0&_nc_ht=instagram.fpmw7-1.fna.fbcdn.net&_nc_cat=109&_nc_oc=Q6cZ2QFaK1KNNz62lW-cV0kPxVhGhXqKeo9cL9aim0YKjIx9cQa-y76DwWFzocbr3-9o_vU&_nc_ohc=aL6Gx_MT5AoQ7kNvwErSweR&_nc_gid=Rb63gvBYbWTUwpG5bx8NaQ&edm=ABDp2nEBAAAA&ccb=7-5&oh=00_AfZytY9bB9scNYjLHtVBY40luzh3twigyr60cs016-xLtg&oe=68BF47E4&_nc_sid=ae056e,Seguir
2025-09-02T20:10:04.000Z,,antunesalessandrog,antunesalessandrog,False,https://instagram.fpmw7-1.fna.fbcdn.net/v/t51.2885-19/511440008_17851719192473666_8236879691639272529_n.jpg?stp=dst-jpg_s150x150_tt6&efg=eyJ2ZW5jb2RlX3RhZyI6InByb2ZpbGVfcGljLmRqYW5nby4xMDgwLmMyIn0&_nc_ht=instagram.fpmw7-1.fna.fbcdn.net&_nc_cat=102&_nc_oc=Q6cZ2QHc3_lRy2mJ4k2Womz7mDgE-N7PeQjLlQNAP4gWaVCFra7ngJF7hSiha_WYqADtLkk&_nc_ohc=vUzLebFsLHEQ7kNvwE0AT2W&_nc_gid=Tm8D62nvpeu59RjiCsCADQ&edm=ABDp2nEBAAAA&ccb=7-5&oh=00_AfZPwOLEeDL07Ptwu-AnS_g2Ew61RXqM64R1sJ26UYD4-g&oe=68BF4CAF&_nc_sid=ae056e,Seguir
2025-09-02T20:10:04.000Z,,lucas_gesseiro_palmas,lucas_gesseiro_palmas,False,https://instagram.fpmw7-1.fna.fbcdn.net/v/t51.2885-19/504063802_17973291731888083_152104570379115767_n.jpg?stp=dst-jpg_s150x150_tt6&efg=eyJ2ZW5jb2RlX3RhZyI6InByb2ZpbGVfcGljLmRqYW5nby4xMDgwLmMyIn0&_nc_ht=instagram.fpmw7-1.fna.fbcdn.net&_nc_cat=107&_nc_oc=Q6cZ2QHc3_lRy2mJ4k2Womz7mDgE-N7PeQjLlQNAP4gWaVCFra7ngJF7hSiha_WYqADtLkk&_nc_ohc=5P3KLRSGUtQQ7kNvwELnA9R&_nc_gid=Tm8D62nvpeu59RjiCsCADQ&edm=ABDp2nEBAAAA&ccb=7-5&oh=00_AfaI2VpRa7OWW6vKh4XXss1dozExDoMuumxF9SDp0uYobQ&oe=68BF6A0B&_nc_sid=ae056e,Seguir
2025-09-02T20:10:04.000Z,,ericocribeiro,ericocribeiro,False,https://instagram.fpmw7-1.fna.fbcdn.net/v/t51.2885-19/466510128_1109934467240621_6828271316384052136_n.jpg?stp=dst-jpg_s150x150_tt6&efg=eyJ2ZW5jb2RlX3RhZyI6InByb2ZpbGVfcGljLmRqYW5nby4xMDgwLmMyIn0&_nc_ht=instagram.fpmw7-1.fna.fbcdn.net&_nc_cat=105&_nc_oc=Q6cZ2QHc3_lRy2mJ4k2Womz7mDgE-N7PeQjLlQNAP4gWaVCFra7ngJF7hSiha_WYqADtLkk&_nc_ohc=7oNKnUB2Nt0Q7kNvwGxxI_n&_nc_gid=Tm8D62nvpeu59RjiCsCADQ&edm=ABDp2nEBAAAA&ccb=7-5&oh=00_AfYIUvlLvfRFlMh3qKMp3QM5EC2vNAWXXNxaxpu4l8OeUQ&oe=68BF7059&_nc_sid=ae056e,Seguir
2025-09-02T20:10:04.000Z,,leuriara,leuriara,False,https://instagram.fpmw7-1.fna.fbcdn.net/v/t51.2885-19/419019345_399273185870588_1489121363738789953_n.jpg?stp=dst-jpg_s150x150_tt6&efg=eyJ2ZW5jb2RlX3RhZyI6InByb2ZpbGVfcGljLmRqYW5nby4xMDgwLmMyIn0&_nc_ht=instagram.fpmw7-1.fna.fbcdn.net&_nc_cat=108&_nc_oc=Q6cZ2QHc3_lRy2mJ4k2Womz7mDgE-N7PeQjLlQNAP4gWaVCFra7ngJF7hSiha_WYqADtLkk&_nc_ohc=I9f3_21gjwAQ7kNvwEvwA8G&_nc_gid=Tm8D62nvpeu59RjiCsCADQ&edm=ABDp2nEBAAAA&ccb=7-5&oh=00_AfbiEmwj0GdlXq3eo50fL3rd5Cya5S-Tuh9gXGwAZa3UjQ&oe=68BF5837&_nc_sid=ae056e,Seguir
