username,nome_completo,verificado,url_foto_perfil,status_relacao
calmaismineracao,calmaismineracao,False,https://instagram.fbsb23-1.fna.fbcdn.net/v/t51.2885-19/519431394_17986959887833052_2115052605478311628_n.jpg?stp=dst-jpg_s150x150_tt6&_nc_ht=instagram.fbsb23-1.fna.fbcdn.net&_nc_cat=108&_nc_oc=Q6cZ2QEw2LVCaACJcPhKZcJxORUWFMQF2EkcuBvfLYGPojU4TlI_kT4CbwLBMUqiepOVvsU&_nc_ohc=-bw65JYTpdAQ7kNvwGwyX_T&_nc_gid=-XZKiADLo7uIXILmwNI0GQ&edm=APQMUHMBAAAA&ccb=7-5&oh=00_AfQbCxIK21b3GYXsdh5mnPxLHCEh776rCvKFN1u6IisttA&oe=6883562B&_nc_sid=6ff7c8,Seguir
grupo.saeri,grupo.saeri,False,https://instagram.fbsb23-1.fna.fbcdn.net/v/t51.2885-19/488489374_633492083002877_3150322577113707813_n.jpg?stp=dst-jpg_s150x150_tt6&_nc_ht=instagram.fbsb23-1.fna.fbcdn.net&_nc_cat=105&_nc_oc=Q6cZ2QEw2LVCaACJcPhKZcJxORUWFMQF2EkcuBvfLYGPojU4TlI_kT4CbwLBMUqiepOVvsU&_nc_ohc=p6FTkZwQL6EQ7kNvwFhOZBc&_nc_gid=-XZKiADLo7uIXILmwNI0GQ&edm=APQMUHMBAAAA&ccb=7-5&oh=00_AfQKNLwDDgkVgvc7vBakww1XEfl39h5LonjhdaxleO1_0Q&oe=688357C1&_nc_sid=6ff7c8,Seguir
beatriz.lorscheitter,beatriz.lorscheitter,False,https://instagram.fbsb23-1.fna.fbcdn.net/v/t51.2885-19/520214565_17846166732528206_6781362202105771419_n.jpg?stp=dst-jpg_s150x150_tt6&_nc_ht=instagram.fbsb23-1.fna.fbcdn.net&_nc_cat=102&_nc_oc=Q6cZ2QEw2LVCaACJcPhKZcJxORUWFMQF2EkcuBvfLYGPojU4TlI_kT4CbwLBMUqiepOVvsU&_nc_ohc=kOCRFS7mj4MQ7kNvwG-d6qM&_nc_gid=-XZKiADLo7uIXILmwNI0GQ&edm=APQMUHMBAAAA&ccb=7-5&oh=00_AfQMfgnk1V2_6n_XZUF-BnfRNkQOtJcNj9W6ZCGyAk8fEw&oe=68834095&_nc_sid=6ff7c8,Seguir
marco_antonio1745,marco_antonio1745,False,https://instagram.fbsb23-1.fna.fbcdn.net/v/t51.2885-19/510964719_17845554504514373_5346061286674673577_n.jpg?stp=dst-jpg_s150x150_tt6&_nc_ht=instagram.fbsb23-1.fna.fbcdn.net&_nc_cat=105&_nc_oc=Q6cZ2QEw2LVCaACJcPhKZcJxORUWFMQF2EkcuBvfLYGPojU4TlI_kT4CbwLBMUqiepOVvsU&_nc_ohc=h0YnPWjqWKEQ7kNvwFYkW8k&_nc_gid=-XZKiADLo7uIXILmwNI0GQ&edm=APQMUHMBAAAA&ccb=7-5&oh=00_AfReIPXMeKKqnibeAnZ9J9X1phsRL8su2NBWhx7hQI5iRg&oe=68835208&_nc_sid=6ff7c8,Seguir
mascatedopovogpi,mascatedopovogpi,False,https://instagram.fbsb23-1.fna.fbcdn.net/v/t51.2885-19/496148706_17852693766441319_9175516719537879073_n.jpg?stp=dst-jpg_s150x150_tt6&_nc_ht=instagram.fbsb23-1.fna.fbcdn.net&_nc_cat=107&_nc_oc=Q6cZ2QEw2LVCaACJcPhKZcJxORUWFMQF2EkcuBvfLYGPojU4TlI_kT4CbwLBMUqiepOVvsU&_nc_ohc=qn5Iqb7vepgQ7kNvwFFvXTV&_nc_gid=-XZKiADLo7uIXILmwNI0GQ&edm=APQMUHMBAAAA&ccb=7-5&oh=00_AfTV-IYcxEzVRB_-t8wK7NNxm9_oM78rEnRvEpmcSv9tNw&oe=68834950&_nc_sid=6ff7c8,Seguir
euamolagoa_,euamolagoa_,False,https://instagram.fbsb23-1.fna.fbcdn.net/v/t51.2885-19/461015747_1520287938848827_7853342531043259303_n.jpg?stp=dst-jpg_s150x150_tt6&_nc_ht=instagram.fbsb23-1.fna.fbcdn.net&_nc_cat=1&_nc_oc=Q6cZ2QEw2LVCaACJcPhKZcJxORUWFMQF2EkcuBvfLYGPojU4TlI_kT4CbwLBMUqiepOVvsU&_nc_ohc=WMDMoKhfX3AQ7kNvwFYazlW&_nc_gid=-XZKiADLo7uIXILmwNI0GQ&edm=APQMUHMBAAAA&ccb=7-5&oh=00_AfSpbphfKcKry0AOfzQupuf09n6fYKj6J9ItCUquSFUeYg&oe=68835155&_nc_sid=6ff7c8,Seguir
escolaimpulse,escolaimpulse,False,https://instagram.fbsb23-1.fna.fbcdn.net/v/t51.2885-19/512331870_17842920453521939_6888773244392179654_n.jpg?stp=dst-jpg_s150x150_tt6&_nc_ht=instagram.fbsb23-1.fna.fbcdn.net&_nc_cat=111&_nc_oc=Q6cZ2QEw2LVCaACJcPhKZcJxORUWFMQF2EkcuBvfLYGPojU4TlI_kT4CbwLBMUqiepOVvsU&_nc_ohc=uKAYPgjD7JYQ7kNvwECgD5r&_nc_gid=-XZKiADLo7uIXILmwNI0GQ&edm=APQMUHMBAAAA&ccb=7-5&oh=00_AfSSCHrj_PLj_5-K4hMCjTyA3hiatwr1E6xgbq9OSxOMxw&oe=68836A0D&_nc_sid=6ff7c8,Seguir
riomar.mineracao,riomar.mineracao,False,https://instagram.fbsb23-1.fna.fbcdn.net/v/t51.2885-19/517356241_17886111975313202_4649185157284359978_n.jpg?stp=dst-jpg_s150x150_tt6&_nc_ht=instagram.fbsb23-1.fna.fbcdn.net&_nc_cat=102&_nc_oc=Q6cZ2QEw2LVCaACJcPhKZcJxORUWFMQF2EkcuBvfLYGPojU4TlI_kT4CbwLBMUqiepOVvsU&_nc_ohc=SfwOSNwnXKsQ7kNvwEbzy61&_nc_gid=-XZKiADLo7uIXILmwNI0GQ&edm=APQMUHMBAAAA&ccb=7-5&oh=00_AfTURQ4VUN7it5Nxu_JQ0f_xYCk5nXCtnhhRAOct8YcbdQ&oe=688355E4&_nc_sid=6ff7c8,Seguir
mackeenzy,mackeenzy,False,https://instagram.fbsb23-1.fna.fbcdn.net/v/t51.2885-19/519090209_18515200384040969_3434812494630231121_n.jpg?stp=dst-jpg_s150x150_tt6&_nc_ht=instagram.fbsb23-1.fna.fbcdn.net&_nc_cat=105&_nc_oc=Q6cZ2QEw2LVCaACJcPhKZcJxORUWFMQF2EkcuBvfLYGPojU4TlI_kT4CbwLBMUqiepOVvsU&_nc_ohc=si3ORiJ0r1QQ7kNvwEoYB6B&_nc_gid=-XZKiADLo7uIXILmwNI0GQ&edm=APQMUHMBAAAA&ccb=7-5&oh=00_AfRLlB9xIfCkFYmxDKfT9tef8oNxFC1C4gly6fUaMusKKw&oe=68836DD7&_nc_sid=6ff7c8,Seguir
amoureperfumes,amoureperfumes,False,https://instagram.fbsb23-1.fna.fbcdn.net/v/t51.2885-19/501765853_17970485090897497_8832374278169711979_n.jpg?stp=dst-jpg_s150x150_tt6&_nc_ht=instagram.fbsb23-1.fna.fbcdn.net&_nc_cat=101&_nc_oc=Q6cZ2QEw2LVCaACJcPhKZcJxORUWFMQF2EkcuBvfLYGPojU4TlI_kT4CbwLBMUqiepOVvsU&_nc_ohc=3UyX9rjxHV0Q7kNvwGBWj_g&_nc_gid=-XZKiADLo7uIXILmwNI0GQ&edm=APQMUHMBAAAA&ccb=7-5&oh=00_AfRraHWSGroGgwErwkbgDVHeSYIQBw9XDhIbdjJow-6PWQ&oe=68833E6B&_nc_sid=6ff7c8,Seguir
nunes.caiane,nunes.caiane,False,https://instagram.fbsb23-1.fna.fbcdn.net/v/t51.2885-19/465390801_893719276158242_4310051373430131206_n.jpg?stp=dst-jpg_s150x150_tt6&_nc_ht=instagram.fbsb23-1.fna.fbcdn.net&_nc_cat=102&_nc_oc=Q6cZ2QEw2LVCaACJcPhKZcJxORUWFMQF2EkcuBvfLYGPojU4TlI_kT4CbwLBMUqiepOVvsU&_nc_ohc=sR_MSP7x6EsQ7kNvwEP1cLS&_nc_gid=-XZKiADLo7uIXILmwNI0GQ&edm=APQMUHMBAAAA&ccb=7-5&oh=00_AfSkZR40YJoLNEPCWsZzIsB4DKCtbYfKLlYiWC1JeaH16Q&oe=68836617&_nc_sid=6ff7c8,Seguir
vozesdointerior.ofc,vozesdointerior.ofc,False,https://instagram.fbsb23-1.fna.fbcdn.net/v/t51.2885-19/520279012_17846380170524649_8328916484119984274_n.jpg?stp=dst-jpg_s150x150_tt6&_nc_ht=instagram.fbsb23-1.fna.fbcdn.net&_nc_cat=109&_nc_oc=Q6cZ2QEw2LVCaACJcPhKZcJxORUWFMQF2EkcuBvfLYGPojU4TlI_kT4CbwLBMUqiepOVvsU&_nc_ohc=WLxrcxFpnB4Q7kNvwETwJ6Z&_nc_gid=-XZKiADLo7uIXILmwNI0GQ&edm=APQMUHMBAAAA&ccb=7-5&oh=00_AfR7FBLxWKADzZaG-f1I03shWEGpMMrvQLB-Mpin9jLGZQ&oe=68835586&_nc_sid=6ff7c8,Seguir
andersonbezerraadv,andersonbezerraadv,False,https://instagram.fbsb23-1.fna.fbcdn.net/v/t51.2885-19/509610187_17843073462527515_20267270443359802_n.jpg?stp=dst-jpg_s150x150_tt6&_nc_ht=instagram.fbsb23-1.fna.fbcdn.net&_nc_cat=107&_nc_oc=Q6cZ2QEw2LVCaACJcPhKZcJxORUWFMQF2EkcuBvfLYGPojU4TlI_kT4CbwLBMUqiepOVvsU&_nc_ohc=bh0N2dbyJpoQ7kNvwHcWG7N&_nc_gid=-XZKiADLo7uIXILmwNI0GQ&edm=APQMUHMBAAAA&ccb=7-5&oh=00_AfSqI3Ibdmtb356Dgf2wNgv6KEx_eUc1EELmEnJaYmpcxQ&oe=68835627&_nc_sid=6ff7c8,Seguir
g.r.a.z.i___,g.r.a.z.i___,False,https://instagram.fbsb23-1.fna.fbcdn.net/v/t51.2885-19/522006802_17928830370082859_7462893573023381797_n.jpg?stp=dst-jpg_s150x150_tt6&_nc_ht=instagram.fbsb23-1.fna.fbcdn.net&_nc_cat=111&_nc_oc=Q6cZ2QEw2LVCaACJcPhKZcJxORUWFMQF2EkcuBvfLYGPojU4TlI_kT4CbwLBMUqiepOVvsU&_nc_ohc=O2c1owWVan8Q7kNvwFzOSnD&_nc_gid=-XZKiADLo7uIXILmwNI0GQ&edm=APQMUHMBAAAA&ccb=7-5&oh=00_AfTk--KaEPE-oG1vgEvbcSYmECts6lePyEwLfwWFlcHuIg&oe=68835186&_nc_sid=6ff7c8,Seguir
theresa__maria,theresa__maria,False,https://instagram.fbsb23-1.fna.fbcdn.net/v/t51.2885-19/482262229_1872467190238685_449970761824690250_n.jpg?stp=dst-jpg_s150x150_tt6&_nc_ht=instagram.fbsb23-1.fna.fbcdn.net&_nc_cat=105&_nc_oc=Q6cZ2QEw2LVCaACJcPhKZcJxORUWFMQF2EkcuBvfLYGPojU4TlI_kT4CbwLBMUqiepOVvsU&_nc_ohc=IkrQDuKurw4Q7kNvwGHoRY8&_nc_gid=-XZKiADLo7uIXILmwNI0GQ&edm=APQMUHMBAAAA&ccb=7-5&oh=00_AfT_kQg5h816BsEe8Gh0xm2lIXzz3laj2tXORg_n7GZg8g&oe=688350CB&_nc_sid=6ff7c8,Seguir
valdeni.silva.35,valdeni.silva.35,False,https://instagram.fbsb23-1.fna.fbcdn.net/v/t51.2885-19/469727776_502298412181090_5605973402407425852_n.jpg?stp=dst-jpg_s150x150_tt6&_nc_ht=instagram.fbsb23-1.fna.fbcdn.net&_nc_cat=110&_nc_oc=Q6cZ2QEw2LVCaACJcPhKZcJxORUWFMQF2EkcuBvfLYGPojU4TlI_kT4CbwLBMUqiepOVvsU&_nc_ohc=bXmtxXf5tukQ7kNvwGhfrYX&_nc_gid=-XZKiADLo7uIXILmwNI0GQ&edm=APQMUHMBAAAA&ccb=7-5&oh=00_AfSgPPGuo85LuwEbWB6ABgFvIGPJKjSkJHccPz14VuwOjQ&oe=688363A1&_nc_sid=6ff7c8,Seguir
mattheus_mix,mattheus_mix,False,https://instagram.fbsb23-1.fna.fbcdn.net/v/t51.2885-19/498706792_17843163819520170_2157253021761099996_n.jpg?stp=dst-jpg_s150x150_tt6&_nc_ht=instagram.fbsb23-1.fna.fbcdn.net&_nc_cat=106&_nc_oc=Q6cZ2QEw2LVCaACJcPhKZcJxORUWFMQF2EkcuBvfLYGPojU4TlI_kT4CbwLBMUqiepOVvsU&_nc_ohc=Ck-Ku2BNdPcQ7kNvwHU2Z1m&_nc_gid=-XZKiADLo7uIXILmwNI0GQ&edm=APQMUHMBAAAA&ccb=7-5&oh=00_AfQIAtOkU92dnYixbf669ijb2y8EiJrsF5xzouVynN3FwA&oe=68835C5C&_nc_sid=6ff7c8,Seguir
fst.damaris,fst.damaris,False,https://instagram.fbsb23-1.fna.fbcdn.net/v/t51.2885-19/509713719_18009254270782088_8616742022118589298_n.jpg?stp=dst-jpg_s150x150_tt6&_nc_ht=instagram.fbsb23-1.fna.fbcdn.net&_nc_cat=108&_nc_oc=Q6cZ2QEw2LVCaACJcPhKZcJxORUWFMQF2EkcuBvfLYGPojU4TlI_kT4CbwLBMUqiepOVvsU&_nc_ohc=1ZuQE4M2zF8Q7kNvwHjSOLu&_nc_gid=-XZKiADLo7uIXILmwNI0GQ&edm=APQMUHMBAAAA&ccb=7-5&oh=00_AfTGFdNxnAe8JHIVgdsQdodNfo9zNbP57vRncx3MiZ48WQ&oe=688359A0&_nc_sid=6ff7c8,Seguir
roselypnmsantos,roselypnmsantos,False,https://instagram.fbsb23-1.fna.fbcdn.net/v/t51.2885-19/461958570_858467986434963_3258215044453196689_n.jpg?stp=dst-jpg_s150x150_tt6&_nc_ht=instagram.fbsb23-1.fna.fbcdn.net&_nc_cat=103&_nc_oc=Q6cZ2QEw2LVCaACJcPhKZcJxORUWFMQF2EkcuBvfLYGPojU4TlI_kT4CbwLBMUqiepOVvsU&_nc_ohc=xKCLVN1Q6zcQ7kNvwEi7zCj&_nc_gid=-XZKiADLo7uIXILmwNI0GQ&edm=APQMUHMBAAAA&ccb=7-5&oh=00_AfQPT4GDelDqauyh3RctfDU0t5C5qhIOoGAP7XZa0qzUPA&oe=68835254&_nc_sid=6ff7c8,Seguir
larisse_reis_silva,larisse_reis_silva,False,https://instagram.fbsb23-1.fna.fbcdn.net/v/t51.2885-19/514696519_18506258188031602_6975986910926939011_n.jpg?stp=dst-jpg_s150x150_tt6&_nc_ht=instagram.fbsb23-1.fna.fbcdn.net&_nc_cat=110&_nc_oc=Q6cZ2QEw2LVCaACJcPhKZcJxORUWFMQF2EkcuBvfLYGPojU4TlI_kT4CbwLBMUqiepOVvsU&_nc_ohc=RpIaLlijHvgQ7kNvwF14M_-&_nc_gid=-XZKiADLo7uIXILmwNI0GQ&edm=APQMUHMBAAAA&ccb=7-5&oh=00_AfQFDZifgOAnX2GyRk3C4prgFyp8GWdhWQdvEHaihhAERg&oe=68835475&_nc_sid=6ff7c8,Seguir
vereadora_alinelopes,vereadora_alinelopes,False,https://instagram.fbsb23-1.fna.fbcdn.net/v/t51.2885-19/474604099_1787011462140944_6218707362036601669_n.jpg?stp=dst-jpg_s150x150_tt6&_nc_ht=instagram.fbsb23-1.fna.fbcdn.net&_nc_cat=108&_nc_oc=Q6cZ2QEw2LVCaACJcPhKZcJxORUWFMQF2EkcuBvfLYGPojU4TlI_kT4CbwLBMUqiepOVvsU&_nc_ohc=ed1EngPKlP8Q7kNvwFK2ylA&_nc_gid=-XZKiADLo7uIXILmwNI0GQ&edm=APQMUHMBAAAA&ccb=7-5&oh=00_AfRfMX-e7wNWh5PKTGVsZi6yUDdKrn0UFSbWRYGCduFRJw&oe=68834314&_nc_sid=6ff7c8,Seguir
kassianyjsouza1999,kassianyjsouza1999,False,https://instagram.fbsb23-1.fna.fbcdn.net/v/t51.2885-19/483465443_952988486816172_850315920714578498_n.jpg?stp=dst-jpg_s150x150_tt6&_nc_ht=instagram.fbsb23-1.fna.fbcdn.net&_nc_cat=100&_nc_oc=Q6cZ2QEw2LVCaACJcPhKZcJxORUWFMQF2EkcuBvfLYGPojU4TlI_kT4CbwLBMUqiepOVvsU&_nc_ohc=WTTUF3Sx7AsQ7kNvwFtihWN&_nc_gid=-XZKiADLo7uIXILmwNI0GQ&edm=APQMUHMBAAAA&ccb=7-5&oh=00_AfSmrfKSB7XLYBZsWD9Qkq4NZLvoQTe4gmCVSe72VqkZLg&oe=68834980&_nc_sid=6ff7c8,Seguir
daliasalazarrr,daliasalazarrr,False,https://instagram.fbsb23-1.fna.fbcdn.net/v/t51.2885-19/452227029_1045849766877302_3201135227515400162_n.jpg?stp=dst-jpg_s150x150_tt6&_nc_ht=instagram.fbsb23-1.fna.fbcdn.net&_nc_cat=102&_nc_oc=Q6cZ2QEw2LVCaACJcPhKZcJxORUWFMQF2EkcuBvfLYGPojU4TlI_kT4CbwLBMUqiepOVvsU&_nc_ohc=MYBxEZvAW8sQ7kNvwERKm94&_nc_gid=-XZKiADLo7uIXILmwNI0GQ&edm=APQMUHMBAAAA&ccb=7-5&oh=00_AfRXd2a-sx9DZNoIRhAeWQ7bH6NfDHKTL9QHE04heo8NQQ&oe=68835554&_nc_sid=6ff7c8,Seguir
batman.cristiano,batman.cristiano,False,https://instagram.fbsb23-1.fna.fbcdn.net/v/t51.2885-19/503604202_18367284382178567_6664314159946147049_n.jpg?stp=dst-jpg_s150x150_tt6&_nc_ht=instagram.fbsb23-1.fna.fbcdn.net&_nc_cat=111&_nc_oc=Q6cZ2QEw2LVCaACJcPhKZcJxORUWFMQF2EkcuBvfLYGPojU4TlI_kT4CbwLBMUqiepOVvsU&_nc_ohc=FcbdyMxfdOYQ7kNvwExLPWY&_nc_gid=-XZKiADLo7uIXILmwNI0GQ&edm=APQMUHMBAAAA&ccb=7-5&oh=00_AfR2gmnp-S5BDBe9J9q9LUH4EeLEDQjpjzewOZHu0UN_Ug&oe=6883512D&_nc_sid=6ff7c8,Seguir
cerradoroots,cerradoroots,False,https://instagram.fbsb23-1.fna.fbcdn.net/v/t51.2885-19/446346342_305685622604400_8255015235881562113_n.jpg?stp=dst-jpg_s150x150_tt6&_nc_ht=instagram.fbsb23-1.fna.fbcdn.net&_nc_cat=100&_nc_oc=Q6cZ2QEw2LVCaACJcPhKZcJxORUWFMQF2EkcuBvfLYGPojU4TlI_kT4CbwLBMUqiepOVvsU&_nc_ohc=_TArXCNAsT0Q7kNvwGEd7ns&_nc_gid=-XZKiADLo7uIXILmwNI0GQ&edm=APQMUHMBAAAA&ccb=7-5&oh=00_AfT2YOc2UVCfeo8oyI9t5RoZdNGCIjY9o8E2G1-JTgnqDQ&oe=68834716&_nc_sid=6ff7c8,Seguir
pj144745,pj144745,False,https://instagram.fbsb23-1.fna.fbcdn.net/v/t51.2885-19/432763501_1437826187141216_4435446405920487379_n.jpg?stp=dst-jpg_s150x150_tt6&_nc_ht=instagram.fbsb23-1.fna.fbcdn.net&_nc_cat=108&_nc_oc=Q6cZ2QEw2LVCaACJcPhKZcJxORUWFMQF2EkcuBvfLYGPojU4TlI_kT4CbwLBMUqiepOVvsU&_nc_ohc=nkgrfhrORwgQ7kNvwFfp-ft&_nc_gid=-XZKiADLo7uIXILmwNI0GQ&edm=APQMUHMBAAAA&ccb=7-5&oh=00_AfSsPEY1DmeWIuwp-nNoo442XtNeW0lhRYExP_73weVbDQ&oe=6883361D&_nc_sid=6ff7c8,Seguir
lopezdesouzaalves,lopezdesouzaalves,False,https://instagram.fbsb23-1.fna.fbcdn.net/v/t51.2885-19/503602700_17975653691889788_7006321569603922561_n.jpg?stp=dst-jpg_s150x150_tt6&_nc_ht=instagram.fbsb23-1.fna.fbcdn.net&_nc_cat=108&_nc_oc=Q6cZ2QEw2LVCaACJcPhKZcJxORUWFMQF2EkcuBvfLYGPojU4TlI_kT4CbwLBMUqiepOVvsU&_nc_ohc=b5v7oLpWe0wQ7kNvwF5x342&_nc_gid=-XZKiADLo7uIXILmwNI0GQ&edm=APQMUHMBAAAA&ccb=7-5&oh=00_AfTQE33tBFtPty-Q0FFYK1xMwTQuIIjiCGfaNehdP4p4yA&oe=6883691A&_nc_sid=6ff7c8,Seguir
triiiade.arquitetura,triiiade.arquitetura,False,https://instagram.fbsb23-1.fna.fbcdn.net/v/t51.2885-19/468329594_1609691903296826_2448445326807595187_n.jpg?stp=dst-jpg_s150x150_tt6&_nc_ht=instagram.fbsb23-1.fna.fbcdn.net&_nc_cat=102&_nc_oc=Q6cZ2QEw2LVCaACJcPhKZcJxORUWFMQF2EkcuBvfLYGPojU4TlI_kT4CbwLBMUqiepOVvsU&_nc_ohc=S6o3fw5r7mYQ7kNvwGr-N7B&_nc_gid=-XZKiADLo7uIXILmwNI0GQ&edm=APQMUHMBAAAA&ccb=7-5&oh=00_AfQSrZfrXjDCBC62dN1znXZ_2mzvglm097RCjNv0aI55KA&oe=6883418E&_nc_sid=6ff7c8,Seguir
eucaarolina,eucaarolina,False,https://instagram.fbsb23-1.fna.fbcdn.net/v/t51.2885-19/504000798_18175603195329275_5848864756226772106_n.jpg?stp=dst-jpg_s150x150_tt6&_nc_ht=instagram.fbsb23-1.fna.fbcdn.net&_nc_cat=111&_nc_oc=Q6cZ2QEw2LVCaACJcPhKZcJxORUWFMQF2EkcuBvfLYGPojU4TlI_kT4CbwLBMUqiepOVvsU&_nc_ohc=xEHXxBI9wpEQ7kNvwET75FN&_nc_gid=-XZKiADLo7uIXILmwNI0GQ&edm=APQMUHMBAAAA&ccb=7-5&oh=00_AfQOvGh7tnc6D9i6BtSFDvTkZDehO9ZcKFKj3LzvsUXAmA&oe=68833ACC&_nc_sid=6ff7c8,Seguir
prime_voltz,prime_voltz,False,https://instagram.fbsb23-1.fna.fbcdn.net/v/t51.2885-19/473055190_1705060033416516_9134438615633323239_n.jpg?stp=dst-jpg_s150x150_tt6&_nc_ht=instagram.fbsb23-1.fna.fbcdn.net&_nc_cat=100&_nc_oc=Q6cZ2QEw2LVCaACJcPhKZcJxORUWFMQF2EkcuBvfLYGPojU4TlI_kT4CbwLBMUqiepOVvsU&_nc_ohc=4MPQE0zYEDkQ7kNvwGBFwWX&_nc_gid=-XZKiADLo7uIXILmwNI0GQ&edm=APQMUHMBAAAA&ccb=7-5&oh=00_AfTKBH52Q7zbl5zeS4ZHlMxUG2acw982I4GZB-zk4juAYg&oe=688349A8&_nc_sid=6ff7c8,Seguir
patriciacosta.25,patriciacosta.25,False,https://instagram.fbsb23-1.fna.fbcdn.net/v/t51.2885-19/503414847_18120277105480069_2712113177425120694_n.jpg?stp=dst-jpg_s150x150_tt6&_nc_ht=instagram.fbsb23-1.fna.fbcdn.net&_nc_cat=101&_nc_oc=Q6cZ2QEw2LVCaACJcPhKZcJxORUWFMQF2EkcuBvfLYGPojU4TlI_kT4CbwLBMUqiepOVvsU&_nc_ohc=XkesNczcnvcQ7kNvwE8skXG&_nc_gid=-XZKiADLo7uIXILmwNI0GQ&edm=APQMUHMBAAAA&ccb=7-5&oh=00_AfQNBjY1BTBmmF_zIVq1lpaTBtBx0i0lwZXPYt54QNjU5w&oe=68834AD2&_nc_sid=6ff7c8,Seguir
etgeducacional,etgeducacional,False,https://instagram.fbsb23-1.fna.fbcdn.net/v/t51.2885-19/454547056_3861871120768101_4070069512358793618_n.jpg?stp=dst-jpg_s150x150_tt6&_nc_ht=instagram.fbsb23-1.fna.fbcdn.net&_nc_cat=109&_nc_oc=Q6cZ2QEw2LVCaACJcPhKZcJxORUWFMQF2EkcuBvfLYGPojU4TlI_kT4CbwLBMUqiepOVvsU&_nc_ohc=uHMYfBeKT-YQ7kNvwE3C_Dh&_nc_gid=-XZKiADLo7uIXILmwNI0GQ&edm=APQMUHMBAAAA&ccb=7-5&oh=00_AfSmWIi-yJZ-j4bsMfsd_WW07eWXsDt3OmiTvUhLrNbxRQ&oe=68833A6E&_nc_sid=6ff7c8,Seguir
nilemprendimento,nilemprendimento,False,https://instagram.fbsb23-1.fna.fbcdn.net/v/t51.2885-19/517204827_17842498290535218_8510404113810352844_n.jpg?stp=dst-jpg_s150x150_tt6&_nc_ht=instagram.fbsb23-1.fna.fbcdn.net&_nc_cat=106&_nc_oc=Q6cZ2QEw2LVCaACJcPhKZcJxORUWFMQF2EkcuBvfLYGPojU4TlI_kT4CbwLBMUqiepOVvsU&_nc_ohc=DvIRsihE5jcQ7kNvwHBwq8a&_nc_gid=-XZKiADLo7uIXILmwNI0GQ&edm=APQMUHMBAAAA&ccb=7-5&oh=00_AfTGZv99ZA1gpG_vxtywaIyqwMCTkmu8LHOO6IndpijmeQ&oe=68835228&_nc_sid=6ff7c8,Seguir
prefeiturasfa,prefeiturasfa,False,https://instagram.fbsb23-1.fna.fbcdn.net/v/t51.2885-19/514055928_18073375367501078_1191262886534463076_n.jpg?stp=dst-jpg_s150x150_tt6&_nc_ht=instagram.fbsb23-1.fna.fbcdn.net&_nc_cat=102&_nc_oc=Q6cZ2QEw2LVCaACJcPhKZcJxORUWFMQF2EkcuBvfLYGPojU4TlI_kT4CbwLBMUqiepOVvsU&_nc_ohc=tm-tPu38910Q7kNvwHV8OLc&_nc_gid=-XZKiADLo7uIXILmwNI0GQ&edm=APQMUHMBAAAA&ccb=7-5&oh=00_AfQnEoCZ1TCQsqUBwbY2sWbVCbuA7El9cOOfc_Vf3OMDRA&oe=6883537D&_nc_sid=6ff7c8,Seguir
abracinbr,abracinbr,False,https://instagram.fbsb23-1.fna.fbcdn.net/v/t51.2885-19/483609984_1932797927128881_6726771780721623340_n.jpg?stp=dst-jpg_s150x150_tt6&_nc_ht=instagram.fbsb23-1.fna.fbcdn.net&_nc_cat=109&_nc_oc=Q6cZ2QEw2LVCaACJcPhKZcJxORUWFMQF2EkcuBvfLYGPojU4TlI_kT4CbwLBMUqiepOVvsU&_nc_ohc=zWXoYCEsNvEQ7kNvwEPS-cJ&_nc_gid=-XZKiADLo7uIXILmwNI0GQ&edm=APQMUHMBAAAA&ccb=7-5&oh=00_AfRVlg0uGtIqGBHhk3AyPxdZs3Z-oUk3O7qlGH0sRTQ8Bg&oe=688364D6&_nc_sid=6ff7c8,Seguir
thaynara.rodriguesc,thaynara.rodriguesc,False,https://instagram.fbsb23-1.fna.fbcdn.net/v/t51.2885-19/504489328_18505801192032395_2600241064500981184_n.jpg?stp=dst-jpg_s150x150_tt6&_nc_ht=instagram.fbsb23-1.fna.fbcdn.net&_nc_cat=111&_nc_oc=Q6cZ2QEw2LVCaACJcPhKZcJxORUWFMQF2EkcuBvfLYGPojU4TlI_kT4CbwLBMUqiepOVvsU&_nc_ohc=ZG0haiDwphYQ7kNvwGE6Bug&_nc_gid=-XZKiADLo7uIXILmwNI0GQ&edm=APQMUHMBAAAA&ccb=7-5&oh=00_AfQVNTuVoO0HgXivCBU2R0DRneEogUtB5JA74bhsAxG9Hw&oe=68835B9E&_nc_sid=6ff7c8,Seguir
luziaamaraal,luziaamaraal,False,https://instagram.fbsb23-1.fna.fbcdn.net/v/t51.2885-19/122357922_348998356355733_5809020333548130254_n.jpg?stp=dst-jpg_s150x150_tt6&_nc_ht=instagram.fbsb23-1.fna.fbcdn.net&_nc_cat=109&_nc_oc=Q6cZ2QEw2LVCaACJcPhKZcJxORUWFMQF2EkcuBvfLYGPojU4TlI_kT4CbwLBMUqiepOVvsU&_nc_ohc=aJNPtmsH1rwQ7kNvwH0L8u7&_nc_gid=-XZKiADLo7uIXILmwNI0GQ&edm=APQMUHMBAAAA&ccb=7-5&oh=00_AfQWU0HxYqMUolieoG9JgNe5XLUCOyBemW0egtWJ-nZw_Q&oe=6883623F&_nc_sid=6ff7c8,Seguir
juliocesar.contabilidade,juliocesar.contabilidade,False,https://instagram.fbsb23-1.fna.fbcdn.net/v/t51.2885-19/504596292_18080318074865825_229592478360728822_n.jpg?stp=dst-jpg_s150x150_tt6&_nc_ht=instagram.fbsb23-1.fna.fbcdn.net&_nc_cat=105&_nc_oc=Q6cZ2QEw2LVCaACJcPhKZcJxORUWFMQF2EkcuBvfLYGPojU4TlI_kT4CbwLBMUqiepOVvsU&_nc_ohc=4VhExNfi7CoQ7kNvwFC6Vgd&_nc_gid=-XZKiADLo7uIXILmwNI0GQ&edm=APQMUHMBAAAA&ccb=7-5&oh=00_AfQN_cpKK9BSn2oBlo7RgTk_6WTFhlRTGxVy__IwyOumWA&oe=68834B55&_nc_sid=6ff7c8,Seguir
inspiri.vivencias,inspiri.vivencias,False,https://instagram.fbsb23-1.fna.fbcdn.net/v/t51.2885-19/487012515_661630606365121_8676856628706557927_n.jpg?stp=dst-jpg_s150x150_tt6&_nc_ht=instagram.fbsb23-1.fna.fbcdn.net&_nc_cat=101&_nc_oc=Q6cZ2QEw2LVCaACJcPhKZcJxORUWFMQF2EkcuBvfLYGPojU4TlI_kT4CbwLBMUqiepOVvsU&_nc_ohc=c8dGHb4jrckQ7kNvwEOzgJA&_nc_gid=-XZKiADLo7uIXILmwNI0GQ&edm=APQMUHMBAAAA&ccb=7-5&oh=00_AfTjJOeBJV-6fFZcM6ZbWr7Qdbc3B08vDIFaMl0M1XtqQw&oe=6883450B&_nc_sid=6ff7c8,Seguir
romariosilva121993,romariosilva121993,False,https://instagram.fbsb23-1.fna.fbcdn.net/v/t51.2885-19/419018684_700490515401059_2506100898306577552_n.jpg?stp=dst-jpg_s150x150_tt6&_nc_ht=instagram.fbsb23-1.fna.fbcdn.net&_nc_cat=111&_nc_oc=Q6cZ2QEw2LVCaACJcPhKZcJxORUWFMQF2EkcuBvfLYGPojU4TlI_kT4CbwLBMUqiepOVvsU&_nc_ohc=Cpj5P7SOEooQ7kNvwGj0yam&_nc_gid=-XZKiADLo7uIXILmwNI0GQ&edm=APQMUHMBAAAA&ccb=7-5&oh=00_AfQrLgXkO_6BD4eIY9VWWhl7suBWlttpAGaC2i9Nh4FamA&oe=6883667A&_nc_sid=6ff7c8,Seguir
leidiane_aquinoo,leidiane_aquinoo,False,https://instagram.fbsb23-1.fna.fbcdn.net/v/t51.2885-19/387645906_334762829004548_5256218221332404126_n.jpg?stp=dst-jpg_s150x150_tt6&_nc_ht=instagram.fbsb23-1.fna.fbcdn.net&_nc_cat=108&_nc_oc=Q6cZ2QEw2LVCaACJcPhKZcJxORUWFMQF2EkcuBvfLYGPojU4TlI_kT4CbwLBMUqiepOVvsU&_nc_ohc=wY4XycP5VWUQ7kNvwGIsVf7&_nc_gid=-XZKiADLo7uIXILmwNI0GQ&edm=APQMUHMBAAAA&ccb=7-5&oh=00_AfSsr8rc8amuHx6azs0TSY3_CDmyidqidAQnq2vZrc9S2g&oe=6883630B&_nc_sid=6ff7c8,Seguir
subaze,subaze,False,https://instagram.fbsb23-1.fna.fbcdn.net/v/t51.2885-19/499640379_18505299466049856_4013650907916761786_n.jpg?stp=dst-jpg_s150x150_tt6&_nc_ht=instagram.fbsb23-1.fna.fbcdn.net&_nc_cat=100&_nc_oc=Q6cZ2QEw2LVCaACJcPhKZcJxORUWFMQF2EkcuBvfLYGPojU4TlI_kT4CbwLBMUqiepOVvsU&_nc_ohc=5lZQtZy8dq0Q7kNvwHum7RE&_nc_gid=-XZKiADLo7uIXILmwNI0GQ&edm=APQMUHMBAAAA&ccb=7-5&oh=00_AfRAOWROJNeF-U7pfvoiL8yaWqlf8NSSO-ESjdwaNiJDRw&oe=68834B35&_nc_sid=6ff7c8,Seguir
fael.host,fael.host,False,https://instagram.fbsb23-1.fna.fbcdn.net/v/t51.2885-19/443842750_780910044186758_2595002493480721211_n.jpg?stp=dst-jpg_s150x150_tt6&_nc_ht=instagram.fbsb23-1.fna.fbcdn.net&_nc_cat=102&_nc_oc=Q6cZ2QEw2LVCaACJcPhKZcJxORUWFMQF2EkcuBvfLYGPojU4TlI_kT4CbwLBMUqiepOVvsU&_nc_ohc=_12Gh162C1MQ7kNvwEnDo3V&_nc_gid=-XZKiADLo7uIXILmwNI0GQ&edm=APQMUHMBAAAA&ccb=7-5&oh=00_AfQphjS71ks8oCGHBUl11GqpQxX-2ny-VyRvnw7nmtoeBw&oe=6883502C&_nc_sid=6ff7c8,Seguir
gisleiarodriguesdias,gisleiarodriguesdias,False,https://instagram.fbsb23-1.fna.fbcdn.net/v/t51.2885-19/316507401_434893035509195_1761340529311517079_n.jpg?stp=dst-jpg_s150x150_tt6&_nc_ht=instagram.fbsb23-1.fna.fbcdn.net&_nc_cat=111&_nc_oc=Q6cZ2QEw2LVCaACJcPhKZcJxORUWFMQF2EkcuBvfLYGPojU4TlI_kT4CbwLBMUqiepOVvsU&_nc_ohc=x-hqL79exCwQ7kNvwGD-_Lp&_nc_gid=-XZKiADLo7uIXILmwNI0GQ&edm=APQMUHMBAAAA&ccb=7-5&oh=00_AfT5ZKw9tRKzul5pKcRw0DxdPN8mG_j1QMkvVOcDeqDhvg&oe=68835963&_nc_sid=6ff7c8,Seguir
freitas.leicelanealvesde,freitas.leicelanealvesde,False,https://instagram.fbsb23-1.fna.fbcdn.net/v/t51.2885-19/483871639_9378224908931392_152445332874476422_n.jpg?stp=dst-jpg_s150x150_tt6&_nc_ht=instagram.fbsb23-1.fna.fbcdn.net&_nc_cat=104&_nc_oc=Q6cZ2QEw2LVCaACJcPhKZcJxORUWFMQF2EkcuBvfLYGPojU4TlI_kT4CbwLBMUqiepOVvsU&_nc_ohc=G5I3RX6yOY8Q7kNvwH4XjdL&_nc_gid=-XZKiADLo7uIXILmwNI0GQ&edm=APQMUHMBAAAA&ccb=7-5&oh=00_AfR3UlWMqrqmD__oBKs0qRbEYDsjeCysyVdJtzcFDxC6ow&oe=68834C66&_nc_sid=6ff7c8,Seguir
lorelelis2,lorelelis2,False,https://instagram.fbsb23-1.fna.fbcdn.net/v/t51.2885-19/272058255_412862537191511_4240936518998041151_n.jpg?stp=dst-jpg_s150x150_tt6&_nc_ht=instagram.fbsb23-1.fna.fbcdn.net&_nc_cat=111&_nc_oc=Q6cZ2QEw2LVCaACJcPhKZcJxORUWFMQF2EkcuBvfLYGPojU4TlI_kT4CbwLBMUqiepOVvsU&_nc_ohc=nJxE1Fx4hJEQ7kNvwH-ZvOs&_nc_gid=-XZKiADLo7uIXILmwNI0GQ&edm=APQMUHMBAAAA&ccb=7-5&oh=00_AfRxouIkFzu0HbeCEFdMvEz2fAjQ1xrveuYysn1h5Zd8-Q&oe=68833FFA&_nc_sid=6ff7c8,Seguir
dr.cheumo,dr.cheumo,False,https://instagram.fbsb23-1.fna.fbcdn.net/v/t51.2885-19/516166751_18313312246241650_6032566270982450862_n.jpg?stp=dst-jpg_s150x150_tt6&_nc_ht=instagram.fbsb23-1.fna.fbcdn.net&_nc_cat=110&_nc_oc=Q6cZ2QEw2LVCaACJcPhKZcJxORUWFMQF2EkcuBvfLYGPojU4TlI_kT4CbwLBMUqiepOVvsU&_nc_ohc=pWMd-rRddx4Q7kNvwEYB10a&_nc_gid=-XZKiADLo7uIXILmwNI0GQ&edm=APQMUHMBAAAA&ccb=7-5&oh=00_AfTrGjDAmyS35fO7FXHE4QMk6m48_e7dEkBgO_6upAaqVg&oe=68835AF0&_nc_sid=6ff7c8,Seguir
politicapmwtoasmais,politicapmwtoasmais,False,https://instagram.fbsb23-1.fna.fbcdn.net/v/t51.2885-19/514836305_17842018266534272_8212711362039362077_n.jpg?stp=dst-jpg_s150x150_tt6&_nc_ht=instagram.fbsb23-1.fna.fbcdn.net&_nc_cat=108&_nc_oc=Q6cZ2QEw2LVCaACJcPhKZcJxORUWFMQF2EkcuBvfLYGPojU4TlI_kT4CbwLBMUqiepOVvsU&_nc_ohc=qmuitWS_egEQ7kNvwGHqAyo&_nc_gid=-XZKiADLo7uIXILmwNI0GQ&edm=APQMUHMBAAAA&ccb=7-5&oh=00_AfRuQtcK3MbFGGuMocQY8huEGD65PeQoFzcU1URDwFX29Q&oe=688342FF&_nc_sid=6ff7c8,Seguir
cafecomjesusbolosecia,cafecomjesusbolosecia,False,https://instagram.fbsb23-1.fna.fbcdn.net/v/t51.2885-19/500233369_18075785167869596_6457917360193067531_n.jpg?stp=dst-jpg_s150x150_tt6&_nc_ht=instagram.fbsb23-1.fna.fbcdn.net&_nc_cat=108&_nc_oc=Q6cZ2QEw2LVCaACJcPhKZcJxORUWFMQF2EkcuBvfLYGPojU4TlI_kT4CbwLBMUqiepOVvsU&_nc_ohc=UUB0swzbsgcQ7kNvwHbyAU-&_nc_gid=-XZKiADLo7uIXILmwNI0GQ&edm=APQMUHMBAAAA&ccb=7-5&oh=00_AfR6L7WLO2kv1lBEdAWUhzFSsI4Suav1e2bNtrQPGqS_JA&oe=68836968&_nc_sid=6ff7c8,Seguir
aldenorapereirabarros,aldenorapereirabarros,False,https://instagram.fbsb23-1.fna.fbcdn.net/v/t51.2885-19/514963597_17849810772499720_6094205786583676180_n.jpg?stp=dst-jpg_s150x150_tt6&_nc_ht=instagram.fbsb23-1.fna.fbcdn.net&_nc_cat=104&_nc_oc=Q6cZ2QEw2LVCaACJcPhKZcJxORUWFMQF2EkcuBvfLYGPojU4TlI_kT4CbwLBMUqiepOVvsU&_nc_ohc=expAZW64f3YQ7kNvwFSa3ti&_nc_gid=-XZKiADLo7uIXILmwNI0GQ&edm=APQMUHMBAAAA&ccb=7-5&oh=00_AfQ2WNqKNHLA1E2n5MJZGGSe7zshSJ1AHL6UesA7CyvVcQ&oe=6883637B&_nc_sid=6ff7c8,Seguir
